Using pre-set license
Built from '2022.3/staging' branch; Version is '2022.3.8f1 (b5eafc012955) revision 11922172'; Using compiler version '192829333'; Build Type 'Release'
OS: 'Windows 10  (10.0.19044) 64bit Core' Language: 'en' Physical Memory: 16314 MB
BatchMode: 1, IsHumanControllingUs: 0, StartBugReporterOnCrash: 0, Is64bit: 1, IsPro: 1

COMMAND LINE ARGUMENTS:
C:\Program Files\Unity\Hub\Editor\2022.3.8f1\Editor\Unity.exe
-adb2
-batchMode
-noUpm
-name
AssetImportWorker11
-projectPath
C:/Users/liamw/OneDrive/Documents/GitHub/GameAesthetic/game aesthetic
-logFile
Logs/AssetImportWorker11.log
-srvPort
63872
Successfully changed project path to: C:/Users/liamw/OneDrive/Documents/GitHub/GameAesthetic/game aesthetic
C:/Users/liamw/OneDrive/Documents/GitHub/GameAesthetic/game aesthetic
[UnityMemory] Configuration Parameters - Can be set up in boot.config
    "memorysetup-bucket-allocator-granularity=16"
    "memorysetup-bucket-allocator-bucket-count=8"
    "memorysetup-bucket-allocator-block-size=33554432"
    "memorysetup-bucket-allocator-block-count=8"
    "memorysetup-main-allocator-block-size=16777216"
    "memorysetup-thread-allocator-block-size=16777216"
    "memorysetup-gfx-main-allocator-block-size=16777216"
    "memorysetup-gfx-thread-allocator-block-size=16777216"
    "memorysetup-cache-allocator-block-size=4194304"
    "memorysetup-typetree-allocator-block-size=2097152"
    "memorysetup-profiler-bucket-allocator-granularity=16"
    "memorysetup-profiler-bucket-allocator-bucket-count=8"
    "memorysetup-profiler-bucket-allocator-block-size=33554432"
    "memorysetup-profiler-bucket-allocator-block-count=8"
    "memorysetup-profiler-allocator-block-size=16777216"
    "memorysetup-profiler-editor-allocator-block-size=1048576"
    "memorysetup-temp-allocator-size-main=16777216"
    "memorysetup-job-temp-allocator-block-size=2097152"
    "memorysetup-job-temp-allocator-block-size-background=1048576"
    "memorysetup-job-temp-allocator-reduction-small-platforms=262144"
    "memorysetup-allocator-temp-initial-block-size-main=262144"
    "memorysetup-allocator-temp-initial-block-size-worker=262144"
    "memorysetup-temp-allocator-size-background-worker=32768"
    "memorysetup-temp-allocator-size-job-worker=262144"
    "memorysetup-temp-allocator-size-preload-manager=33554432"
    "memorysetup-temp-allocator-size-nav-mesh-worker=65536"
    "memorysetup-temp-allocator-size-audio-worker=65536"
    "memorysetup-temp-allocator-size-cloud-worker=32768"
    "memorysetup-temp-allocator-size-gi-baking-worker=262144"
    "memorysetup-temp-allocator-size-gfx=262144"
Player connection [2912] Host "[IP] 192.168.0.104 [Port] 0 [Flags] 2 [Guid] 2789702916 [EditorId] 2789702916 [Version] 1048832 [Id] WindowsEditor(7,GameCrafter-LW) [Debug] 1 [PackageName] WindowsEditor [ProjectName] Editor" joined multi-casting on [225.0.0.222:54997]...

Player connection [2912] Host "[IP] 192.168.0.104 [Port] 0 [Flags] 2 [Guid] 2789702916 [EditorId] 2789702916 [Version] 1048832 [Id] WindowsEditor(7,GameCrafter-LW) [Debug] 1 [PackageName] WindowsEditor [ProjectName] Editor" joined alternative multi-casting on [225.0.0.222:34997]...

[Physics::Module] Initialized MultithreadedJobDispatcher with 15 workers.
Refreshing native plugins compatible for Editor in 16.05 ms, found 3 plugins.
Preloading 0 native plugins for Editor in 0.00 ms.
Initialize engine version: 2022.3.8f1 (b5eafc012955)
[Subsystems] Discovering subsystems at path C:/Program Files/Unity/Hub/Editor/2022.3.8f1/Editor/Data/Resources/UnitySubsystems
[Subsystems] Discovering subsystems at path C:/Users/liamw/OneDrive/Documents/GitHub/GameAesthetic/game aesthetic/Assets
GfxDevice: creating device client; threaded=0; jobified=0
Direct3D:
    Version:  Direct3D 11.0 [level 11.1]
    Renderer: NVIDIA GeForce RTX 2060 SUPER (ID=0x1f06)
    Vendor:   NVIDIA
    VRAM:     8006 MB
    Driver:   32.0.15.8115
Initialize mono
Mono path[0] = 'C:/Program Files/Unity/Hub/Editor/2022.3.8f1/Editor/Data/Managed'
Mono path[1] = 'C:/Program Files/Unity/Hub/Editor/2022.3.8f1/Editor/Data/MonoBleedingEdge/lib/mono/unityjit-win32'
Mono config path = 'C:/Program Files/Unity/Hub/Editor/2022.3.8f1/Editor/Data/MonoBleedingEdge/etc'
Using monoOptions --debugger-agent=transport=dt_socket,embedding=1,server=y,suspend=n,address=127.0.0.1:56956
Begin MonoManager ReloadAssembly
Registering precompiled unity dll's ...
Register platform support module: C:/Program Files/Unity/Hub/Editor/2022.3.8f1/Editor/Data/PlaybackEngines/WindowsStandaloneSupport/UnityEditor.WindowsStandalone.Extensions.dll
Registered in 0.014079 seconds.
- Loaded All Assemblies, in  0.463 seconds
Native extension for WindowsStandalone target not found
Mono: successfully reloaded assembly
- Finished resetting the current domain, in  0.315 seconds
Domain Reload Profiling: 774ms
	BeginReloadAssembly (152ms)
		ExecutionOrderSort (0ms)
		DisableScriptedObjects (0ms)
		BackupInstance (0ms)
		ReleaseScriptingObjects (0ms)
		CreateAndSetChildDomain (1ms)
	RebuildCommonClasses (49ms)
	RebuildNativeTypeToScriptingClass (12ms)
	initialDomainReloadingComplete (78ms)
	LoadAllAssembliesAndSetupDomain (167ms)
		LoadAssemblies (148ms)
		RebuildTransferFunctionScriptingTraits (0ms)
		AnalyzeDomain (165ms)
			TypeCache.Refresh (162ms)
				TypeCache.ScanAssembly (148ms)
			ScanForSourceGeneratedMonoScriptInfo (1ms)
			ResolveRequiredComponents (1ms)
	FinalizeReload (316ms)
		ReleaseScriptCaches (0ms)
		RebuildScriptCaches (0ms)
		SetupLoadedEditorAssemblies (250ms)
			LogAssemblyErrors (0ms)
			InitializePlatformSupportModulesInManaged (12ms)
			SetLoadedEditorAssemblies (9ms)
			RefreshPlugins (0ms)
			BeforeProcessingInitializeOnLoad (2ms)
			ProcessInitializeOnLoadAttributes (160ms)
			ProcessInitializeOnLoadMethodAttributes (67ms)
			AfterProcessingInitializeOnLoad (0ms)
			EditorAssembliesLoaded (0ms)
		ExecutionOrderSort2 (0ms)
		AwakeInstancesAfterBackupRestoration (0ms)
========================================================================
Worker process is ready to serve import requests
Begin MonoManager ReloadAssembly
- Loaded All Assemblies, in  0.838 seconds
Refreshing native plugins compatible for Editor in 5.05 ms, found 3 plugins.
Native extension for WindowsStandalone target not found
Mono: successfully reloaded assembly
- Finished resetting the current domain, in  1.017 seconds
Domain Reload Profiling: 1849ms
	BeginReloadAssembly (182ms)
		ExecutionOrderSort (0ms)
		DisableScriptedObjects (7ms)
		BackupInstance (0ms)
		ReleaseScriptingObjects (0ms)
		CreateAndSetChildDomain (22ms)
	RebuildCommonClasses (45ms)
	RebuildNativeTypeToScriptingClass (12ms)
	initialDomainReloadingComplete (68ms)
	LoadAllAssembliesAndSetupDomain (524ms)
		LoadAssemblies (393ms)
		RebuildTransferFunctionScriptingTraits (0ms)
		AnalyzeDomain (240ms)
			TypeCache.Refresh (203ms)
				TypeCache.ScanAssembly (186ms)
			ScanForSourceGeneratedMonoScriptInfo (25ms)
			ResolveRequiredComponents (10ms)
	FinalizeReload (1018ms)
		ReleaseScriptCaches (0ms)
		RebuildScriptCaches (0ms)
		SetupLoadedEditorAssemblies (831ms)
			LogAssemblyErrors (0ms)
			InitializePlatformSupportModulesInManaged (9ms)
			SetLoadedEditorAssemblies (4ms)
			RefreshPlugins (0ms)
			BeforeProcessingInitializeOnLoad (86ms)
			ProcessInitializeOnLoadAttributes (696ms)
			ProcessInitializeOnLoadMethodAttributes (21ms)
			AfterProcessingInitializeOnLoad (15ms)
			EditorAssembliesLoaded (0ms)
		ExecutionOrderSort2 (0ms)
		AwakeInstancesAfterBackupRestoration (14ms)
Launched and connected shader compiler UnityShaderCompiler.exe after 0.08 seconds
Refreshing native plugins compatible for Editor in 6.03 ms, found 3 plugins.
Preloading 0 native plugins for Editor in 0.00 ms.
Unloading 3788 Unused Serialized files (Serialized files now loaded: 0)
Unloading 37 unused Assets / (57.7 KB). Loaded Objects now: 4279.
Memory consumption went from 151.2 MB to 151.2 MB.
Total: 4.309900 ms (FindLiveObjects: 0.367500 ms CreateObjectMapping: 0.114000 ms MarkObjects: 3.700200 ms  DeleteObjects: 0.126800 ms)

AssetImportParameters requested are different than current active one (requested -> active):
  custom:scripting/monoscript/fileName/PlacementSystem.cs: 78738c21ef929cd09aff0e665ab4ee7d -> 4cfa27418f5d43cf7ed2e701bccac87d
  custom:container-demuxer-ogg: 62fdf1f143b41e24485cea50d1cbac27 -> 
  custom:video-decoder-ogg-theora: a1e56fd34408186e4bbccfd4996cb3dc -> 
  custom:framework-win-MediaFoundation: 216162199b28c13a410421893ffa2e32 -> 
  custom:scripting/monoscript/fileName/PreviewSystem.cs: 9446530e98c33c50feb97677bca8eeb8 -> 70da7d96942db19a4f2a9ba0707462ec
  custom:scripting/monoscript/fileName/RemovingState.cs: 8605b3795c76a38617298524e84e24d4 -> cc1a73acfa6a34f2249cc45506eeb252
  custom:scripting/monoscript/fileName/Constructable.cs: 06ee9b49f644b70a54c0b41034c995e5 -> f479f28d32fdb19e45e4adee4f5924d9
  custom:scripting/monoscript/fileName/InputManager.cs: 0518ac54db6a6320905109eb6dec4a75 -> d93f6a1b1c0c117f420779e72340a718
  custom:CustomObjectIndexerAttribute: 756ad292c208cfabdd7b50bc23989ffe -> 
  custom:scripting/monoscript/fileName/UIManager.cs: 57724e77908c1fb25747e98c23366ff8 -> 2595dc2cbd41cc2d023a3ebb28d87e9e
  custom:container-demuxer-webm: 4f35f7cbe854078d1ac9338744f61a02 -> 
  custom:scripting/monoscript/fileName/ObjectPlacer.cs: 3ac74b2dd3d87506c4efaf6bd5dd49d4 -> faedd1dbc4339b49f1b2e99b4939abf9
  custom:container-muxer-webm: aa71ff27fc2769a1b78a27578f13a17b -> 
  custom:video-decoder-webm-vp8: 9c59270c3fd7afecdb556c50c9e8de78 -> 
  custom:SearchIndexIgnoredProperties: e643bd26f0fe6173181afceb89e7c659 -> 
  custom:AudioImporter_EditorPlatform: d09bf68614088b80899f8185d706f6e7 -> 
  custom:scripting/monoscript/fileName/ObjectsDatabseSO.cs: 2afa2e5691998fd2bc5181dd3a840eb3 -> 71ccc2bf9bca6f0dcc804d3ffc4c2bd8
  custom:video-encoder-webm-vp8: eb34c28f22e8b96e1ab97ce403110664 -> 
  custom:audio-decoder-ogg-vorbis: bf7c407c2cedff20999df2af8eb42d56 -> 
  custom:scripting/monoscript/fileName/IBuildingState.cs: 09c0a3f8d39063dce0920cf3356960cd -> 32400a3ed35b86ce99c3db8f9947b6b9
  custom:audio-encoder-webm-vorbis: bf7c407c2cedff20999df2af8eb42d56 -> 
  custom:scripting/monoscript/fileName/PlacementState.cs: 1bbc5f42e6bc4951e512085ce0917d01 -> 96997402e452df4d895c0ceae1c070c6
  custom:scripting/monoscript/fileName/GridData.cs: 2c21a4a303a21ab1f57293e521468a73 -> 5a181b89a6d813b204be6b5de3e080b4
========================================================================
Received Import Request.
  Time since last request: 146460.489930 seconds.
  path: Assets/Stuff/Houses/House 16.prefab
  artifactKey: Guid(65b2d3e0667784147acfa0d2208cf3c1) Importer(815301076,1909f56bfc062723c751e8b465ee728b)
Start importing Assets/Stuff/Houses/House 16.prefab using Guid(65b2d3e0667784147acfa0d2208cf3c1) Importer(815301076,1909f56bfc062723c751e8b465ee728b)  -> (artifact id: '4c15a7d68a60286a91c40ecd8c808875') in 0.135821 seconds
Number of updated asset objects reloaded before import = 0
Number of asset objects unloaded after import = 19
========================================================================
Received Import Request.
  Time since last request: 27.184144 seconds.
  path: Assets/Stuff/Houses/GameAestheticVillageHouses/House 16.prefab
  artifactKey: Guid(203d11781c5c839468aaee06a1a2e182) Importer(815301076,1909f56bfc062723c751e8b465ee728b)
Start importing Assets/Stuff/Houses/GameAestheticVillageHouses/House 16.prefab using Guid(203d11781c5c839468aaee06a1a2e182) Importer(815301076,1909f56bfc062723c751e8b465ee728b)  -> (artifact id: 'ba18dbc0e49f3d9e1d405eb154239e60') in 0.018996 seconds
Number of updated asset objects reloaded before import = 0
Number of asset objects unloaded after import = 19
========================================================================
Received Import Request.
  Time since last request: 35.111868 seconds.
  path: Assets/Stuff/Houses/GameAestheticVillageHouses/House 16.prefab
  artifactKey: Guid(203d11781c5c839468aaee06a1a2e182) Importer(815301076,1909f56bfc062723c751e8b465ee728b)
Start importing Assets/Stuff/Houses/GameAestheticVillageHouses/House 16.prefab using Guid(203d11781c5c839468aaee06a1a2e182) Importer(815301076,1909f56bfc062723c751e8b465ee728b)  -> (artifact id: '432206b8a117249deee18281ac7c642d') in 0.010016 seconds
Number of updated asset objects reloaded before import = 0
Number of asset objects unloaded after import = 11
========================================================================
Received Import Request.
  Time since last request: 15.358668 seconds.
  path: Assets/Stuff/Houses/GameAestheticVillageHouses/House Prefabs
  artifactKey: Guid(24eaf9c5a20074540922d0e0df1332e0) Importer(815301076,1909f56bfc062723c751e8b465ee728b)
Start importing Assets/Stuff/Houses/GameAestheticVillageHouses/House Prefabs using Guid(24eaf9c5a20074540922d0e0df1332e0) Importer(815301076,1909f56bfc062723c751e8b465ee728b)  -> (artifact id: '723c2288e7b7a3e800ba2b3c9f598d1e') in 0.000748 seconds
Number of updated asset objects reloaded before import = 0
Number of asset objects unloaded after import = 0
========================================================================
Received Import Request.
  Time since last request: 151.402963 seconds.
  path: Assets/Stuff/Houses/GameAestheticVillageHouses/House Prefabs/House 15.prefab
  artifactKey: Guid(340f4da2520a452448711055661f9480) Importer(815301076,1909f56bfc062723c751e8b465ee728b)
Start importing Assets/Stuff/Houses/GameAestheticVillageHouses/House Prefabs/House 15.prefab using Guid(340f4da2520a452448711055661f9480) Importer(815301076,1909f56bfc062723c751e8b465ee728b)  -> (artifact id: '093b464021ce2e2c7ebe54a237d3112e') in 0.035499 seconds
Number of updated asset objects reloaded before import = 0
Number of asset objects unloaded after import = 19
========================================================================
Received Import Request.
  Time since last request: 1.763283 seconds.
  path: Assets/Stuff/Houses/GameAestheticVillageHouses/House Prefabs/House 14.prefab
  artifactKey: Guid(efdf74bd0b3d9084bbee00c440973ec8) Importer(815301076,1909f56bfc062723c751e8b465ee728b)
Start importing Assets/Stuff/Houses/GameAestheticVillageHouses/House Prefabs/House 14.prefab using Guid(efdf74bd0b3d9084bbee00c440973ec8) Importer(815301076,1909f56bfc062723c751e8b465ee728b)  -> (artifact id: '01434857a2077fd75b9f07d7d6beefaa') in 0.038186 seconds
Number of updated asset objects reloaded before import = 0
Number of asset objects unloaded after import = 19
========================================================================
Received Import Request.
  Time since last request: 2.807886 seconds.
  path: Assets/Stuff/Houses/GameAestheticVillageHouses/House Prefabs/House 13.prefab
  artifactKey: Guid(12a4d671dfbe87f41ba28d72a50e17ee) Importer(815301076,1909f56bfc062723c751e8b465ee728b)
Start importing Assets/Stuff/Houses/GameAestheticVillageHouses/House Prefabs/House 13.prefab using Guid(12a4d671dfbe87f41ba28d72a50e17ee) Importer(815301076,1909f56bfc062723c751e8b465ee728b)  -> (artifact id: 'dc8f4c0455a421877ecc4e868e57427e') in 0.019287 seconds
Number of updated asset objects reloaded before import = 0
Number of asset objects unloaded after import = 18
========================================================================
Received Import Request.
  Time since last request: 9.435965 seconds.
  path: Assets/Stuff/Houses/GameAestheticVillageHouses/House Prefabs/House 12.prefab
  artifactKey: Guid(2efc506537977484f837fd5a1746c21c) Importer(815301076,1909f56bfc062723c751e8b465ee728b)
Start importing Assets/Stuff/Houses/GameAestheticVillageHouses/House Prefabs/House 12.prefab using Guid(2efc506537977484f837fd5a1746c21c) Importer(815301076,1909f56bfc062723c751e8b465ee728b)  -> (artifact id: '00dba699ae1071f12586c5a61cfca36f') in 0.018262 seconds
Number of updated asset objects reloaded before import = 0
Number of asset objects unloaded after import = 18
========================================================================
Received Import Request.
  Time since last request: 4.212992 seconds.
  path: Assets/Stuff/Houses/GameAestheticVillageHouses/House Prefabs/House 11.prefab
  artifactKey: Guid(926accc7e70bd624cbbbaec8f893dd87) Importer(815301076,1909f56bfc062723c751e8b465ee728b)
Start importing Assets/Stuff/Houses/GameAestheticVillageHouses/House Prefabs/House 11.prefab using Guid(926accc7e70bd624cbbbaec8f893dd87) Importer(815301076,1909f56bfc062723c751e8b465ee728b)  -> (artifact id: '50d8930cc029dfbb7f5aada594b77338') in 0.017760 seconds
Number of updated asset objects reloaded before import = 0
Number of asset objects unloaded after import = 18
========================================================================
Received Import Request.
  Time since last request: 1.706238 seconds.
  path: Assets/Stuff/Houses/GameAestheticVillageHouses/House Prefabs/House 10.prefab
  artifactKey: Guid(96f71ece5f2fd5b4ea2feab800341f24) Importer(815301076,1909f56bfc062723c751e8b465ee728b)
Start importing Assets/Stuff/Houses/GameAestheticVillageHouses/House Prefabs/House 10.prefab using Guid(96f71ece5f2fd5b4ea2feab800341f24) Importer(815301076,1909f56bfc062723c751e8b465ee728b)  -> (artifact id: 'bc9dc57b4595cbc9091ae285df6b54e1') in 0.028226 seconds
Number of updated asset objects reloaded before import = 0
Number of asset objects unloaded after import = 19
========================================================================
Received Import Request.
  Time since last request: 2.233692 seconds.
  path: Assets/Stuff/Houses/GameAestheticVillageHouses/House Prefabs/House 9.prefab
  artifactKey: Guid(29f8348d910dd7e43b4b24f49b15f9d5) Importer(815301076,1909f56bfc062723c751e8b465ee728b)
Start importing Assets/Stuff/Houses/GameAestheticVillageHouses/House Prefabs/House 9.prefab using Guid(29f8348d910dd7e43b4b24f49b15f9d5) Importer(815301076,1909f56bfc062723c751e8b465ee728b)  -> (artifact id: '3b6e8944dac396fda4b721db44081dba') in 0.032308 seconds
Number of updated asset objects reloaded before import = 0
Number of asset objects unloaded after import = 19
========================================================================
Received Import Request.
  Time since last request: 2.346928 seconds.
  path: Assets/Stuff/Houses/GameAestheticVillageHouses/House Prefabs/House 8.prefab
  artifactKey: Guid(14eaa2a678a23b14884562d67a5484c5) Importer(815301076,1909f56bfc062723c751e8b465ee728b)
Start importing Assets/Stuff/Houses/GameAestheticVillageHouses/House Prefabs/House 8.prefab using Guid(14eaa2a678a23b14884562d67a5484c5) Importer(815301076,1909f56bfc062723c751e8b465ee728b)  -> (artifact id: '8dfc49bdf783372d60bd78e70f5075d7') in 0.035019 seconds
Number of updated asset objects reloaded before import = 0
Number of asset objects unloaded after import = 19
========================================================================
Received Import Request.
  Time since last request: 1.858093 seconds.
  path: Assets/Stuff/Houses/GameAestheticVillageHouses/House Prefabs/House 7.prefab
  artifactKey: Guid(976cb441124956f47987c7aa19481382) Importer(815301076,1909f56bfc062723c751e8b465ee728b)
Start importing Assets/Stuff/Houses/GameAestheticVillageHouses/House Prefabs/House 7.prefab using Guid(976cb441124956f47987c7aa19481382) Importer(815301076,1909f56bfc062723c751e8b465ee728b)  -> (artifact id: 'ba6fff1255766ab7b8a920e6d10f61e6') in 0.016999 seconds
Number of updated asset objects reloaded before import = 0
Number of asset objects unloaded after import = 18
========================================================================
Received Import Request.
  Time since last request: 2.441516 seconds.
  path: Assets/Stuff/Houses/GameAestheticVillageHouses/House Prefabs/House 6.prefab
  artifactKey: Guid(12b2b76c5d8b5494cb8b56183e4bcba5) Importer(815301076,1909f56bfc062723c751e8b465ee728b)
Start importing Assets/Stuff/Houses/GameAestheticVillageHouses/House Prefabs/House 6.prefab using Guid(12b2b76c5d8b5494cb8b56183e4bcba5) Importer(815301076,1909f56bfc062723c751e8b465ee728b)  -> (artifact id: '6545ccae0eb458b22b5561af6740c288') in 0.016435 seconds
Number of updated asset objects reloaded before import = 0
Number of asset objects unloaded after import = 18
========================================================================
Received Import Request.
  Time since last request: 2.982525 seconds.
  path: Assets/Stuff/Houses/GameAestheticVillageHouses/House Prefabs/House 5.prefab
  artifactKey: Guid(2dfe3a3fb0a476843bb1d137a9e927ac) Importer(815301076,1909f56bfc062723c751e8b465ee728b)
Start importing Assets/Stuff/Houses/GameAestheticVillageHouses/House Prefabs/House 5.prefab using Guid(2dfe3a3fb0a476843bb1d137a9e927ac) Importer(815301076,1909f56bfc062723c751e8b465ee728b)  -> (artifact id: 'be03fae29eb227207d8efc8f1c0ba489') in 0.017695 seconds
Number of updated asset objects reloaded before import = 0
Number of asset objects unloaded after import = 18
========================================================================
Received Import Request.
  Time since last request: 2.102174 seconds.
  path: Assets/Stuff/Houses/GameAestheticVillageHouses/House Prefabs/House 4.prefab
  artifactKey: Guid(5c19ee5a6b7d76b42a2d3a14524087a6) Importer(815301076,1909f56bfc062723c751e8b465ee728b)
Start importing Assets/Stuff/Houses/GameAestheticVillageHouses/House Prefabs/House 4.prefab using Guid(5c19ee5a6b7d76b42a2d3a14524087a6) Importer(815301076,1909f56bfc062723c751e8b465ee728b)  -> (artifact id: '4b4f5194c185e211913125e3f7a0e713') in 0.032473 seconds
Number of updated asset objects reloaded before import = 0
Number of asset objects unloaded after import = 19
========================================================================
Received Import Request.
  Time since last request: 1.866945 seconds.
  path: Assets/Stuff/Houses/GameAestheticVillageHouses/House Prefabs/House 3.prefab
  artifactKey: Guid(3be77ef63a9fc134090c3cdc00c85790) Importer(815301076,1909f56bfc062723c751e8b465ee728b)
Start importing Assets/Stuff/Houses/GameAestheticVillageHouses/House Prefabs/House 3.prefab using Guid(3be77ef63a9fc134090c3cdc00c85790) Importer(815301076,1909f56bfc062723c751e8b465ee728b)  -> (artifact id: '178cbe07cadc3e89bd4ad321037c6ae3') in 0.034483 seconds
Number of updated asset objects reloaded before import = 0
Number of asset objects unloaded after import = 19
========================================================================
Received Import Request.
  Time since last request: 2.040983 seconds.
  path: Assets/Stuff/Houses/GameAestheticVillageHouses/House Prefabs/House 2.prefab
  artifactKey: Guid(cb64446d379b3f140a7dde663fe3a215) Importer(815301076,1909f56bfc062723c751e8b465ee728b)
Start importing Assets/Stuff/Houses/GameAestheticVillageHouses/House Prefabs/House 2.prefab using Guid(cb64446d379b3f140a7dde663fe3a215) Importer(815301076,1909f56bfc062723c751e8b465ee728b)  -> (artifact id: 'f13db15aab2c8d23c687f1976cb39a9d') in 0.018149 seconds
Number of updated asset objects reloaded before import = 0
Number of asset objects unloaded after import = 18
========================================================================
Received Import Request.
  Time since last request: 1.912787 seconds.
  path: Assets/Stuff/Houses/GameAestheticVillageHouses/House Prefabs/House 1.prefab
  artifactKey: Guid(b2e3052e28775a74e9816c171636c59d) Importer(815301076,1909f56bfc062723c751e8b465ee728b)
Start importing Assets/Stuff/Houses/GameAestheticVillageHouses/House Prefabs/House 1.prefab using Guid(b2e3052e28775a74e9816c171636c59d) Importer(815301076,1909f56bfc062723c751e8b465ee728b)  -> (artifact id: 'bd3464250429ca3048f70334fe0a9b1e') in 0.018686 seconds
Number of updated asset objects reloaded before import = 0
Number of asset objects unloaded after import = 18
========================================================================
Received Import Request.
  Time since last request: 56.008634 seconds.
  path: Assets/Stuff/Houses/Database.asset
  artifactKey: Guid(2a9f8f39b476cf943bc7688007052eac) Importer(815301076,1909f56bfc062723c751e8b465ee728b)
Start importing Assets/Stuff/Houses/Database.asset using Guid(2a9f8f39b476cf943bc7688007052eac) Importer(815301076,1909f56bfc062723c751e8b465ee728b)  -> (artifact id: '032e5598b29a7931b09d2561ac7dc97a') in 0.014628 seconds
Number of updated asset objects reloaded before import = 0
Number of asset objects unloaded after import = 10
========================================================================
Received Import Request.
  Time since last request: 0.000016 seconds.
  path: Assets/Stuff/Houses/TransparentGhost.mat
  artifactKey: Guid(f7de1bb20dec77544a4dd70157092435) Importer(815301076,1909f56bfc062723c751e8b465ee728b)
Start importing Assets/Stuff/Houses/TransparentGhost.mat using Guid(f7de1bb20dec77544a4dd70157092435) Importer(815301076,1909f56bfc062723c751e8b465ee728b)  -> (artifact id: '3e8d637110d6468fb29329340633bb94') in 0.038793 seconds
Number of updated asset objects reloaded before import = 0
Number of asset objects unloaded after import = 1
========================================================================
Received Prepare
Begin MonoManager ReloadAssembly
- Loaded All Assemblies, in  0.589 seconds
Refreshing native plugins compatible for Editor in 5.53 ms, found 3 plugins.
Native extension for WindowsStandalone target not found
Mono: successfully reloaded assembly
- Finished resetting the current domain, in  1.539 seconds
Domain Reload Profiling: 2122ms
	BeginReloadAssembly (197ms)
		ExecutionOrderSort (0ms)
		DisableScriptedObjects (5ms)
		BackupInstance (0ms)
		ReleaseScriptingObjects (0ms)
		CreateAndSetChildDomain (42ms)
	RebuildCommonClasses (42ms)
	RebuildNativeTypeToScriptingClass (13ms)
	initialDomainReloadingComplete (42ms)
	LoadAllAssembliesAndSetupDomain (290ms)
		LoadAssemblies (386ms)
		RebuildTransferFunctionScriptingTraits (0ms)
		AnalyzeDomain (14ms)
			TypeCache.Refresh (6ms)
				TypeCache.ScanAssembly (0ms)
			ScanForSourceGeneratedMonoScriptInfo (0ms)
			ResolveRequiredComponents (6ms)
	FinalizeReload (1539ms)
		ReleaseScriptCaches (0ms)
		RebuildScriptCaches (0ms)
		SetupLoadedEditorAssemblies (759ms)
			LogAssemblyErrors (0ms)
			InitializePlatformSupportModulesInManaged (10ms)
			SetLoadedEditorAssemblies (6ms)
			RefreshPlugins (0ms)
			BeforeProcessingInitializeOnLoad (92ms)
			ProcessInitializeOnLoadAttributes (612ms)
			ProcessInitializeOnLoadMethodAttributes (24ms)
			AfterProcessingInitializeOnLoad (15ms)
			EditorAssembliesLoaded (0ms)
		ExecutionOrderSort2 (0ms)
		AwakeInstancesAfterBackupRestoration (15ms)
Refreshing native plugins compatible for Editor in 5.81 ms, found 3 plugins.
Preloading 0 native plugins for Editor in 0.00 ms.
Unloading 3764 Unused Serialized files (Serialized files now loaded: 0)
Unloading 22 unused Assets / (31.1 KB). Loaded Objects now: 4325.
Memory consumption went from 150.2 MB to 150.1 MB.
Total: 4.754200 ms (FindLiveObjects: 0.397100 ms CreateObjectMapping: 0.100900 ms MarkObjects: 4.178100 ms  DeleteObjects: 0.076800 ms)

Prepare: number of updated asset objects reloaded= 0
AssetImportParameters requested are different than current active one (requested -> active):
  custom:scripting/monoscript/fileName/PlacementSystem.cs: 78738c21ef929cd09aff0e665ab4ee7d -> 4cfa27418f5d43cf7ed2e701bccac87d
  custom:container-demuxer-ogg: 62fdf1f143b41e24485cea50d1cbac27 -> 
  custom:video-decoder-ogg-theora: a1e56fd34408186e4bbccfd4996cb3dc -> 
  custom:framework-win-MediaFoundation: 216162199b28c13a410421893ffa2e32 -> 
  custom:scripting/monoscript/fileName/PreviewSystem.cs: 9446530e98c33c50feb97677bca8eeb8 -> 70da7d96942db19a4f2a9ba0707462ec
  custom:scripting/monoscript/fileName/RemovingState.cs: 8605b3795c76a38617298524e84e24d4 -> cc1a73acfa6a34f2249cc45506eeb252
  custom:scripting/monoscript/fileName/Constructable.cs: 06ee9b49f644b70a54c0b41034c995e5 -> f479f28d32fdb19e45e4adee4f5924d9
  custom:scripting/monoscript/fileName/InputManager.cs: 0518ac54db6a6320905109eb6dec4a75 -> d93f6a1b1c0c117f420779e72340a718
  custom:CustomObjectIndexerAttribute: 756ad292c208cfabdd7b50bc23989ffe -> 
  custom:scripting/monoscript/fileName/UIManager.cs: 57724e77908c1fb25747e98c23366ff8 -> 2595dc2cbd41cc2d023a3ebb28d87e9e
  custom:container-demuxer-webm: 4f35f7cbe854078d1ac9338744f61a02 -> 
  custom:scripting/monoscript/fileName/ObjectPlacer.cs: 3ac74b2dd3d87506c4efaf6bd5dd49d4 -> faedd1dbc4339b49f1b2e99b4939abf9
  custom:container-muxer-webm: aa71ff27fc2769a1b78a27578f13a17b -> 
  custom:video-decoder-webm-vp8: 9c59270c3fd7afecdb556c50c9e8de78 -> 
  custom:SearchIndexIgnoredProperties: e643bd26f0fe6173181afceb89e7c659 -> 
  custom:AudioImporter_EditorPlatform: d09bf68614088b80899f8185d706f6e7 -> 
  custom:scripting/monoscript/fileName/ObjectsDatabseSO.cs: 2afa2e5691998fd2bc5181dd3a840eb3 -> 71ccc2bf9bca6f0dcc804d3ffc4c2bd8
  custom:video-encoder-webm-vp8: eb34c28f22e8b96e1ab97ce403110664 -> 
  custom:audio-decoder-ogg-vorbis: bf7c407c2cedff20999df2af8eb42d56 -> 
  custom:scripting/monoscript/fileName/IBuildingState.cs: 09c0a3f8d39063dce0920cf3356960cd -> 32400a3ed35b86ce99c3db8f9947b6b9
  custom:audio-encoder-webm-vorbis: bf7c407c2cedff20999df2af8eb42d56 -> 
  custom:scripting/monoscript/fileName/PlacementState.cs: 1bbc5f42e6bc4951e512085ce0917d01 -> 96997402e452df4d895c0ceae1c070c6
  custom:scripting/monoscript/fileName/GridData.cs: 2c21a4a303a21ab1f57293e521468a73 -> 5a181b89a6d813b204be6b5de3e080b4
========================================================================
Received Prepare
Begin MonoManager ReloadAssembly
- Loaded All Assemblies, in  0.586 seconds
Refreshing native plugins compatible for Editor in 5.32 ms, found 3 plugins.
Native extension for WindowsStandalone target not found
Mono: successfully reloaded assembly
- Finished resetting the current domain, in  1.510 seconds
Domain Reload Profiling: 2091ms
	BeginReloadAssembly (198ms)
		ExecutionOrderSort (0ms)
		DisableScriptedObjects (6ms)
		BackupInstance (0ms)
		ReleaseScriptingObjects (0ms)
		CreateAndSetChildDomain (43ms)
	RebuildCommonClasses (38ms)
	RebuildNativeTypeToScriptingClass (12ms)
	initialDomainReloadingComplete (41ms)
	LoadAllAssembliesAndSetupDomain (290ms)
		LoadAssemblies (384ms)
		RebuildTransferFunctionScriptingTraits (0ms)
		AnalyzeDomain (15ms)
			TypeCache.Refresh (7ms)
				TypeCache.ScanAssembly (0ms)
			ScanForSourceGeneratedMonoScriptInfo (0ms)
			ResolveRequiredComponents (6ms)
	FinalizeReload (1511ms)
		ReleaseScriptCaches (0ms)
		RebuildScriptCaches (0ms)
		SetupLoadedEditorAssemblies (752ms)
			LogAssemblyErrors (0ms)
			InitializePlatformSupportModulesInManaged (9ms)
			SetLoadedEditorAssemblies (5ms)
			RefreshPlugins (0ms)
			BeforeProcessingInitializeOnLoad (93ms)
			ProcessInitializeOnLoadAttributes (606ms)
			ProcessInitializeOnLoadMethodAttributes (21ms)
			AfterProcessingInitializeOnLoad (17ms)
			EditorAssembliesLoaded (0ms)
		ExecutionOrderSort2 (0ms)
		AwakeInstancesAfterBackupRestoration (13ms)
Refreshing native plugins compatible for Editor in 6.33 ms, found 3 plugins.
Preloading 0 native plugins for Editor in 0.00 ms.
Unloading 3765 Unused Serialized files (Serialized files now loaded: 0)
Unloading 22 unused Assets / (31.0 KB). Loaded Objects now: 4329.
Memory consumption went from 150.4 MB to 150.4 MB.
Total: 5.261200 ms (FindLiveObjects: 0.432400 ms CreateObjectMapping: 0.106800 ms MarkObjects: 4.640900 ms  DeleteObjects: 0.079000 ms)

Prepare: number of updated asset objects reloaded= 0
AssetImportParameters requested are different than current active one (requested -> active):
  custom:scripting/monoscript/fileName/PlacementSystem.cs: 78738c21ef929cd09aff0e665ab4ee7d -> 4cfa27418f5d43cf7ed2e701bccac87d
  custom:container-demuxer-ogg: 62fdf1f143b41e24485cea50d1cbac27 -> 
  custom:video-decoder-ogg-theora: a1e56fd34408186e4bbccfd4996cb3dc -> 
  custom:framework-win-MediaFoundation: 216162199b28c13a410421893ffa2e32 -> 
  custom:scripting/monoscript/fileName/PreviewSystem.cs: 9446530e98c33c50feb97677bca8eeb8 -> 70da7d96942db19a4f2a9ba0707462ec
  custom:scripting/monoscript/fileName/RemovingState.cs: 8605b3795c76a38617298524e84e24d4 -> cc1a73acfa6a34f2249cc45506eeb252
  custom:scripting/monoscript/fileName/Constructable.cs: 06ee9b49f644b70a54c0b41034c995e5 -> f479f28d32fdb19e45e4adee4f5924d9
  custom:scripting/monoscript/fileName/InputManager.cs: 0518ac54db6a6320905109eb6dec4a75 -> d93f6a1b1c0c117f420779e72340a718
  custom:CustomObjectIndexerAttribute: 756ad292c208cfabdd7b50bc23989ffe -> 
  custom:scripting/monoscript/fileName/UIManager.cs: 57724e77908c1fb25747e98c23366ff8 -> 2595dc2cbd41cc2d023a3ebb28d87e9e
  custom:container-demuxer-webm: 4f35f7cbe854078d1ac9338744f61a02 -> 
  custom:scripting/monoscript/fileName/ObjectPlacer.cs: 3ac74b2dd3d87506c4efaf6bd5dd49d4 -> faedd1dbc4339b49f1b2e99b4939abf9
  custom:container-muxer-webm: aa71ff27fc2769a1b78a27578f13a17b -> 
  custom:video-decoder-webm-vp8: 9c59270c3fd7afecdb556c50c9e8de78 -> 
  custom:SearchIndexIgnoredProperties: e643bd26f0fe6173181afceb89e7c659 -> 
  custom:AudioImporter_EditorPlatform: d09bf68614088b80899f8185d706f6e7 -> 
  custom:scripting/monoscript/fileName/ObjectsDatabseSO.cs: 2afa2e5691998fd2bc5181dd3a840eb3 -> 71ccc2bf9bca6f0dcc804d3ffc4c2bd8
  custom:video-encoder-webm-vp8: eb34c28f22e8b96e1ab97ce403110664 -> 
  custom:audio-decoder-ogg-vorbis: bf7c407c2cedff20999df2af8eb42d56 -> 
  custom:scripting/monoscript/fileName/IBuildingState.cs: 09c0a3f8d39063dce0920cf3356960cd -> 32400a3ed35b86ce99c3db8f9947b6b9
  custom:audio-encoder-webm-vorbis: bf7c407c2cedff20999df2af8eb42d56 -> 
  custom:scripting/monoscript/fileName/PlacementState.cs: 1bbc5f42e6bc4951e512085ce0917d01 -> 96997402e452df4d895c0ceae1c070c6
  custom:scripting/monoscript/fileName/GridData.cs: 2c21a4a303a21ab1f57293e521468a73 -> 5a181b89a6d813b204be6b5de3e080b4
========================================================================
Received Prepare
Begin MonoManager ReloadAssembly
- Loaded All Assemblies, in  0.603 seconds
Refreshing native plugins compatible for Editor in 6.15 ms, found 3 plugins.
Native extension for WindowsStandalone target not found
Mono: successfully reloaded assembly
- Finished resetting the current domain, in  1.608 seconds
Domain Reload Profiling: 2205ms
	BeginReloadAssembly (205ms)
		ExecutionOrderSort (0ms)
		DisableScriptedObjects (6ms)
		BackupInstance (0ms)
		ReleaseScriptingObjects (0ms)
		CreateAndSetChildDomain (43ms)
	RebuildCommonClasses (46ms)
	RebuildNativeTypeToScriptingClass (13ms)
	initialDomainReloadingComplete (43ms)
	LoadAllAssembliesAndSetupDomain (290ms)
		LoadAssemblies (389ms)
		RebuildTransferFunctionScriptingTraits (0ms)
		AnalyzeDomain (16ms)
			TypeCache.Refresh (8ms)
				TypeCache.ScanAssembly (0ms)
			ScanForSourceGeneratedMonoScriptInfo (0ms)
			ResolveRequiredComponents (7ms)
	FinalizeReload (1609ms)
		ReleaseScriptCaches (0ms)
		RebuildScriptCaches (0ms)
		SetupLoadedEditorAssemblies (752ms)
			LogAssemblyErrors (0ms)
			InitializePlatformSupportModulesInManaged (10ms)
			SetLoadedEditorAssemblies (5ms)
			RefreshPlugins (0ms)
			BeforeProcessingInitializeOnLoad (93ms)
			ProcessInitializeOnLoadAttributes (607ms)
			ProcessInitializeOnLoadMethodAttributes (21ms)
			AfterProcessingInitializeOnLoad (16ms)
			EditorAssembliesLoaded (0ms)
		ExecutionOrderSort2 (0ms)
		AwakeInstancesAfterBackupRestoration (16ms)
Refreshing native plugins compatible for Editor in 6.40 ms, found 3 plugins.
Preloading 0 native plugins for Editor in 0.00 ms.
Unloading 3765 Unused Serialized files (Serialized files now loaded: 0)
Unloading 22 unused Assets / (31.0 KB). Loaded Objects now: 4333.
Memory consumption went from 150.4 MB to 150.4 MB.
Total: 5.045500 ms (FindLiveObjects: 0.537600 ms CreateObjectMapping: 0.134300 ms MarkObjects: 4.312400 ms  DeleteObjects: 0.059500 ms)

Prepare: number of updated asset objects reloaded= 0
AssetImportParameters requested are different than current active one (requested -> active):
  custom:scripting/monoscript/fileName/PlacementSystem.cs: 78738c21ef929cd09aff0e665ab4ee7d -> 4cfa27418f5d43cf7ed2e701bccac87d
  custom:container-demuxer-ogg: 62fdf1f143b41e24485cea50d1cbac27 -> 
  custom:video-decoder-ogg-theora: a1e56fd34408186e4bbccfd4996cb3dc -> 
  custom:framework-win-MediaFoundation: 216162199b28c13a410421893ffa2e32 -> 
  custom:scripting/monoscript/fileName/PreviewSystem.cs: 9446530e98c33c50feb97677bca8eeb8 -> 70da7d96942db19a4f2a9ba0707462ec
  custom:scripting/monoscript/fileName/RemovingState.cs: 8605b3795c76a38617298524e84e24d4 -> cc1a73acfa6a34f2249cc45506eeb252
  custom:scripting/monoscript/fileName/Constructable.cs: 06ee9b49f644b70a54c0b41034c995e5 -> f479f28d32fdb19e45e4adee4f5924d9
  custom:scripting/monoscript/fileName/InputManager.cs: 0518ac54db6a6320905109eb6dec4a75 -> d93f6a1b1c0c117f420779e72340a718
  custom:CustomObjectIndexerAttribute: 756ad292c208cfabdd7b50bc23989ffe -> 
  custom:scripting/monoscript/fileName/UIManager.cs: 57724e77908c1fb25747e98c23366ff8 -> 2595dc2cbd41cc2d023a3ebb28d87e9e
  custom:container-demuxer-webm: 4f35f7cbe854078d1ac9338744f61a02 -> 
  custom:scripting/monoscript/fileName/ObjectPlacer.cs: 3ac74b2dd3d87506c4efaf6bd5dd49d4 -> faedd1dbc4339b49f1b2e99b4939abf9
  custom:container-muxer-webm: aa71ff27fc2769a1b78a27578f13a17b -> 
  custom:video-decoder-webm-vp8: 9c59270c3fd7afecdb556c50c9e8de78 -> 
  custom:SearchIndexIgnoredProperties: e643bd26f0fe6173181afceb89e7c659 -> 
  custom:AudioImporter_EditorPlatform: d09bf68614088b80899f8185d706f6e7 -> 
  custom:scripting/monoscript/fileName/ObjectsDatabseSO.cs: 2afa2e5691998fd2bc5181dd3a840eb3 -> 71ccc2bf9bca6f0dcc804d3ffc4c2bd8
  custom:video-encoder-webm-vp8: eb34c28f22e8b96e1ab97ce403110664 -> 
  custom:audio-decoder-ogg-vorbis: bf7c407c2cedff20999df2af8eb42d56 -> 
  custom:scripting/monoscript/fileName/IBuildingState.cs: 09c0a3f8d39063dce0920cf3356960cd -> 32400a3ed35b86ce99c3db8f9947b6b9
  custom:audio-encoder-webm-vorbis: bf7c407c2cedff20999df2af8eb42d56 -> 
  custom:scripting/monoscript/fileName/PlacementState.cs: 1bbc5f42e6bc4951e512085ce0917d01 -> 96997402e452df4d895c0ceae1c070c6
  custom:scripting/monoscript/fileName/GridData.cs: 2c21a4a303a21ab1f57293e521468a73 -> 5a181b89a6d813b204be6b5de3e080b4
========================================================================
Received Prepare
Begin MonoManager ReloadAssembly
- Loaded All Assemblies, in  0.587 seconds
Refreshing native plugins compatible for Editor in 5.92 ms, found 3 plugins.
Native extension for WindowsStandalone target not found
Mono: successfully reloaded assembly
- Finished resetting the current domain, in  1.492 seconds
Domain Reload Profiling: 2073ms
	BeginReloadAssembly (198ms)
		ExecutionOrderSort (0ms)
		DisableScriptedObjects (6ms)
		BackupInstance (0ms)
		ReleaseScriptingObjects (0ms)
		CreateAndSetChildDomain (39ms)
	RebuildCommonClasses (41ms)
	RebuildNativeTypeToScriptingClass (13ms)
	initialDomainReloadingComplete (40ms)
	LoadAllAssembliesAndSetupDomain (289ms)
		LoadAssemblies (388ms)
		RebuildTransferFunctionScriptingTraits (0ms)
		AnalyzeDomain (14ms)
			TypeCache.Refresh (7ms)
				TypeCache.ScanAssembly (0ms)
			ScanForSourceGeneratedMonoScriptInfo (0ms)
			ResolveRequiredComponents (6ms)
	FinalizeReload (1493ms)
		ReleaseScriptCaches (0ms)
		RebuildScriptCaches (0ms)
		SetupLoadedEditorAssemblies (751ms)
			LogAssemblyErrors (0ms)
			InitializePlatformSupportModulesInManaged (9ms)
			SetLoadedEditorAssemblies (5ms)
			RefreshPlugins (0ms)
			BeforeProcessingInitializeOnLoad (91ms)
			ProcessInitializeOnLoadAttributes (606ms)
			ProcessInitializeOnLoadMethodAttributes (25ms)
			AfterProcessingInitializeOnLoad (15ms)
			EditorAssembliesLoaded (0ms)
		ExecutionOrderSort2 (0ms)
		AwakeInstancesAfterBackupRestoration (13ms)
Refreshing native plugins compatible for Editor in 6.23 ms, found 3 plugins.
Preloading 0 native plugins for Editor in 0.00 ms.
Unloading 3765 Unused Serialized files (Serialized files now loaded: 0)
Unloading 22 unused Assets / (31.0 KB). Loaded Objects now: 4337.
Memory consumption went from 150.4 MB to 150.4 MB.
Total: 4.651600 ms (FindLiveObjects: 0.463800 ms CreateObjectMapping: 0.111500 ms MarkObjects: 4.017300 ms  DeleteObjects: 0.057800 ms)

Prepare: number of updated asset objects reloaded= 0
AssetImportParameters requested are different than current active one (requested -> active):
  custom:scripting/monoscript/fileName/PlacementSystem.cs: 78738c21ef929cd09aff0e665ab4ee7d -> 4cfa27418f5d43cf7ed2e701bccac87d
  custom:container-demuxer-ogg: 62fdf1f143b41e24485cea50d1cbac27 -> 
  custom:video-decoder-ogg-theora: a1e56fd34408186e4bbccfd4996cb3dc -> 
  custom:framework-win-MediaFoundation: 216162199b28c13a410421893ffa2e32 -> 
  custom:scripting/monoscript/fileName/PreviewSystem.cs: 9446530e98c33c50feb97677bca8eeb8 -> 70da7d96942db19a4f2a9ba0707462ec
  custom:scripting/monoscript/fileName/RemovingState.cs: 8605b3795c76a38617298524e84e24d4 -> cc1a73acfa6a34f2249cc45506eeb252
  custom:scripting/monoscript/fileName/Constructable.cs: 06ee9b49f644b70a54c0b41034c995e5 -> f479f28d32fdb19e45e4adee4f5924d9
  custom:scripting/monoscript/fileName/InputManager.cs: 0518ac54db6a6320905109eb6dec4a75 -> d93f6a1b1c0c117f420779e72340a718
  custom:CustomObjectIndexerAttribute: 756ad292c208cfabdd7b50bc23989ffe -> 
  custom:scripting/monoscript/fileName/UIManager.cs: 57724e77908c1fb25747e98c23366ff8 -> 2595dc2cbd41cc2d023a3ebb28d87e9e
  custom:container-demuxer-webm: 4f35f7cbe854078d1ac9338744f61a02 -> 
  custom:scripting/monoscript/fileName/ObjectPlacer.cs: 3ac74b2dd3d87506c4efaf6bd5dd49d4 -> faedd1dbc4339b49f1b2e99b4939abf9
  custom:container-muxer-webm: aa71ff27fc2769a1b78a27578f13a17b -> 
  custom:video-decoder-webm-vp8: 9c59270c3fd7afecdb556c50c9e8de78 -> 
  custom:SearchIndexIgnoredProperties: e643bd26f0fe6173181afceb89e7c659 -> 
  custom:AudioImporter_EditorPlatform: d09bf68614088b80899f8185d706f6e7 -> 
  custom:scripting/monoscript/fileName/ObjectsDatabseSO.cs: 2afa2e5691998fd2bc5181dd3a840eb3 -> 71ccc2bf9bca6f0dcc804d3ffc4c2bd8
  custom:video-encoder-webm-vp8: eb34c28f22e8b96e1ab97ce403110664 -> 
  custom:audio-decoder-ogg-vorbis: bf7c407c2cedff20999df2af8eb42d56 -> 
  custom:scripting/monoscript/fileName/IBuildingState.cs: 09c0a3f8d39063dce0920cf3356960cd -> 32400a3ed35b86ce99c3db8f9947b6b9
  custom:audio-encoder-webm-vorbis: bf7c407c2cedff20999df2af8eb42d56 -> 
  custom:scripting/monoscript/fileName/PlacementState.cs: 1bbc5f42e6bc4951e512085ce0917d01 -> 96997402e452df4d895c0ceae1c070c6
  custom:scripting/monoscript/fileName/GridData.cs: 2c21a4a303a21ab1f57293e521468a73 -> 5a181b89a6d813b204be6b5de3e080b4
========================================================================
Received Prepare
Begin MonoManager ReloadAssembly
- Loaded All Assemblies, in  0.600 seconds
Refreshing native plugins compatible for Editor in 5.89 ms, found 3 plugins.
Native extension for WindowsStandalone target not found
Mono: successfully reloaded assembly
- Finished resetting the current domain, in  1.531 seconds
Domain Reload Profiling: 2125ms
	BeginReloadAssembly (192ms)
		ExecutionOrderSort (0ms)
		DisableScriptedObjects (6ms)
		BackupInstance (0ms)
		ReleaseScriptingObjects (0ms)
		CreateAndSetChildDomain (38ms)
	RebuildCommonClasses (43ms)
	RebuildNativeTypeToScriptingClass (13ms)
	initialDomainReloadingComplete (41ms)
	LoadAllAssembliesAndSetupDomain (304ms)
		LoadAssemblies (395ms)
		RebuildTransferFunctionScriptingTraits (0ms)
		AnalyzeDomain (17ms)
			TypeCache.Refresh (9ms)
				TypeCache.ScanAssembly (0ms)
			ScanForSourceGeneratedMonoScriptInfo (0ms)
			ResolveRequiredComponents (7ms)
	FinalizeReload (1532ms)
		ReleaseScriptCaches (0ms)
		RebuildScriptCaches (0ms)
		SetupLoadedEditorAssemblies (764ms)
			LogAssemblyErrors (0ms)
			InitializePlatformSupportModulesInManaged (9ms)
			SetLoadedEditorAssemblies (6ms)
			RefreshPlugins (0ms)
			BeforeProcessingInitializeOnLoad (93ms)
			ProcessInitializeOnLoadAttributes (617ms)
			ProcessInitializeOnLoadMethodAttributes (24ms)
			AfterProcessingInitializeOnLoad (16ms)
			EditorAssembliesLoaded (0ms)
		ExecutionOrderSort2 (0ms)
		AwakeInstancesAfterBackupRestoration (13ms)
Refreshing native plugins compatible for Editor in 5.84 ms, found 3 plugins.
Preloading 0 native plugins for Editor in 0.00 ms.
Unloading 3765 Unused Serialized files (Serialized files now loaded: 0)
Unloading 22 unused Assets / (31.1 KB). Loaded Objects now: 4341.
Memory consumption went from 150.4 MB to 150.4 MB.
Total: 4.708500 ms (FindLiveObjects: 0.396300 ms CreateObjectMapping: 0.097800 ms MarkObjects: 4.153500 ms  DeleteObjects: 0.059600 ms)

Prepare: number of updated asset objects reloaded= 0
AssetImportParameters requested are different than current active one (requested -> active):
  custom:scripting/monoscript/fileName/PlacementSystem.cs: 78738c21ef929cd09aff0e665ab4ee7d -> 4cfa27418f5d43cf7ed2e701bccac87d
  custom:container-demuxer-ogg: 62fdf1f143b41e24485cea50d1cbac27 -> 
  custom:video-decoder-ogg-theora: a1e56fd34408186e4bbccfd4996cb3dc -> 
  custom:framework-win-MediaFoundation: 216162199b28c13a410421893ffa2e32 -> 
  custom:scripting/monoscript/fileName/PreviewSystem.cs: 9446530e98c33c50feb97677bca8eeb8 -> 70da7d96942db19a4f2a9ba0707462ec
  custom:scripting/monoscript/fileName/RemovingState.cs: 8605b3795c76a38617298524e84e24d4 -> cc1a73acfa6a34f2249cc45506eeb252
  custom:scripting/monoscript/fileName/Constructable.cs: 06ee9b49f644b70a54c0b41034c995e5 -> f479f28d32fdb19e45e4adee4f5924d9
  custom:scripting/monoscript/fileName/InputManager.cs: 0518ac54db6a6320905109eb6dec4a75 -> d93f6a1b1c0c117f420779e72340a718
  custom:CustomObjectIndexerAttribute: 756ad292c208cfabdd7b50bc23989ffe -> 
  custom:scripting/monoscript/fileName/UIManager.cs: 57724e77908c1fb25747e98c23366ff8 -> 2595dc2cbd41cc2d023a3ebb28d87e9e
  custom:container-demuxer-webm: 4f35f7cbe854078d1ac9338744f61a02 -> 
  custom:scripting/monoscript/fileName/ObjectPlacer.cs: 3ac74b2dd3d87506c4efaf6bd5dd49d4 -> faedd1dbc4339b49f1b2e99b4939abf9
  custom:container-muxer-webm: aa71ff27fc2769a1b78a27578f13a17b -> 
  custom:video-decoder-webm-vp8: 9c59270c3fd7afecdb556c50c9e8de78 -> 
  custom:SearchIndexIgnoredProperties: e643bd26f0fe6173181afceb89e7c659 -> 
  custom:AudioImporter_EditorPlatform: d09bf68614088b80899f8185d706f6e7 -> 
  custom:scripting/monoscript/fileName/ObjectsDatabseSO.cs: 2afa2e5691998fd2bc5181dd3a840eb3 -> 71ccc2bf9bca6f0dcc804d3ffc4c2bd8
  custom:video-encoder-webm-vp8: eb34c28f22e8b96e1ab97ce403110664 -> 
  custom:audio-decoder-ogg-vorbis: bf7c407c2cedff20999df2af8eb42d56 -> 
  custom:scripting/monoscript/fileName/IBuildingState.cs: 09c0a3f8d39063dce0920cf3356960cd -> 32400a3ed35b86ce99c3db8f9947b6b9
  custom:audio-encoder-webm-vorbis: bf7c407c2cedff20999df2af8eb42d56 -> 
  custom:scripting/monoscript/fileName/PlacementState.cs: 1bbc5f42e6bc4951e512085ce0917d01 -> 96997402e452df4d895c0ceae1c070c6
  custom:scripting/monoscript/fileName/GridData.cs: 2c21a4a303a21ab1f57293e521468a73 -> 5a181b89a6d813b204be6b5de3e080b4
========================================================================
Received Import Request.
  Time since last request: 539.356351 seconds.
  path: Assets/Stuff/Houses/Database.asset
  artifactKey: Guid(2a9f8f39b476cf943bc7688007052eac) Importer(815301076,1909f56bfc062723c751e8b465ee728b)
Start importing Assets/Stuff/Houses/Database.asset using Guid(2a9f8f39b476cf943bc7688007052eac) Importer(815301076,1909f56bfc062723c751e8b465ee728b)  -> (artifact id: 'f9a032f8cca8a44f81a12e86caa95ea1') in 0.018900 seconds
Number of updated asset objects reloaded before import = 0
Number of asset objects unloaded after import = 10
========================================================================
Received Import Request.
  Time since last request: 65.620764 seconds.
  path: Assets/Stuff/Houses/House.prefab
  artifactKey: Guid(f509f0f2a9ea2e64a98d2497df900f98) Importer(815301076,1909f56bfc062723c751e8b465ee728b)
Start importing Assets/Stuff/Houses/House.prefab using Guid(f509f0f2a9ea2e64a98d2497df900f98) Importer(815301076,1909f56bfc062723c751e8b465ee728b)  -> (artifact id: '0ff6bcacafc9578bb509fbe0d68ea213') in 0.074768 seconds
Number of updated asset objects reloaded before import = 0
Number of asset objects unloaded after import = 11
========================================================================
Received Prepare
Begin MonoManager ReloadAssembly
- Loaded All Assemblies, in  0.586 seconds
Refreshing native plugins compatible for Editor in 5.40 ms, found 3 plugins.
Native extension for WindowsStandalone target not found
Mono: successfully reloaded assembly
- Finished resetting the current domain, in  1.522 seconds
Domain Reload Profiling: 2101ms
	BeginReloadAssembly (192ms)
		ExecutionOrderSort (0ms)
		DisableScriptedObjects (5ms)
		BackupInstance (0ms)
		ReleaseScriptingObjects (0ms)
		CreateAndSetChildDomain (40ms)
	RebuildCommonClasses (41ms)
	RebuildNativeTypeToScriptingClass (14ms)
	initialDomainReloadingComplete (43ms)
	LoadAllAssembliesAndSetupDomain (288ms)
		LoadAssemblies (377ms)
		RebuildTransferFunctionScriptingTraits (0ms)
		AnalyzeDomain (15ms)
			TypeCache.Refresh (6ms)
				TypeCache.ScanAssembly (0ms)
			ScanForSourceGeneratedMonoScriptInfo (0ms)
			ResolveRequiredComponents (7ms)
	FinalizeReload (1522ms)
		ReleaseScriptCaches (0ms)
		RebuildScriptCaches (0ms)
		SetupLoadedEditorAssemblies (753ms)
			LogAssemblyErrors (0ms)
			InitializePlatformSupportModulesInManaged (9ms)
			SetLoadedEditorAssemblies (6ms)
			RefreshPlugins (0ms)
			BeforeProcessingInitializeOnLoad (94ms)
			ProcessInitializeOnLoadAttributes (605ms)
			ProcessInitializeOnLoadMethodAttributes (23ms)
			AfterProcessingInitializeOnLoad (16ms)
			EditorAssembliesLoaded (0ms)
		ExecutionOrderSort2 (0ms)
		AwakeInstancesAfterBackupRestoration (14ms)
Refreshing native plugins compatible for Editor in 5.44 ms, found 3 plugins.
Preloading 0 native plugins for Editor in 0.00 ms.
Unloading 3764 Unused Serialized files (Serialized files now loaded: 0)
Unloading 22 unused Assets / (31.0 KB). Loaded Objects now: 4345.
Memory consumption went from 150.2 MB to 150.2 MB.
Total: 6.528200 ms (FindLiveObjects: 0.449900 ms CreateObjectMapping: 0.164700 ms MarkObjects: 5.848100 ms  DeleteObjects: 0.064100 ms)

Prepare: number of updated asset objects reloaded= 0
AssetImportParameters requested are different than current active one (requested -> active):
  custom:scripting/monoscript/fileName/PlacementSystem.cs: 78738c21ef929cd09aff0e665ab4ee7d -> 4cfa27418f5d43cf7ed2e701bccac87d
  custom:container-demuxer-ogg: 62fdf1f143b41e24485cea50d1cbac27 -> 
  custom:video-decoder-ogg-theora: a1e56fd34408186e4bbccfd4996cb3dc -> 
  custom:framework-win-MediaFoundation: 216162199b28c13a410421893ffa2e32 -> 
  custom:scripting/monoscript/fileName/PreviewSystem.cs: 9446530e98c33c50feb97677bca8eeb8 -> 70da7d96942db19a4f2a9ba0707462ec
  custom:scripting/monoscript/fileName/RemovingState.cs: 8605b3795c76a38617298524e84e24d4 -> cc1a73acfa6a34f2249cc45506eeb252
  custom:scripting/monoscript/fileName/Constructable.cs: 06ee9b49f644b70a54c0b41034c995e5 -> f479f28d32fdb19e45e4adee4f5924d9
  custom:scripting/monoscript/fileName/InputManager.cs: 0518ac54db6a6320905109eb6dec4a75 -> d93f6a1b1c0c117f420779e72340a718
  custom:CustomObjectIndexerAttribute: 756ad292c208cfabdd7b50bc23989ffe -> 
  custom:scripting/monoscript/fileName/UIManager.cs: 57724e77908c1fb25747e98c23366ff8 -> 2595dc2cbd41cc2d023a3ebb28d87e9e
  custom:container-demuxer-webm: 4f35f7cbe854078d1ac9338744f61a02 -> 
  custom:scripting/monoscript/fileName/ObjectPlacer.cs: 3ac74b2dd3d87506c4efaf6bd5dd49d4 -> faedd1dbc4339b49f1b2e99b4939abf9
  custom:container-muxer-webm: aa71ff27fc2769a1b78a27578f13a17b -> 
  custom:video-decoder-webm-vp8: 9c59270c3fd7afecdb556c50c9e8de78 -> 
  custom:SearchIndexIgnoredProperties: e643bd26f0fe6173181afceb89e7c659 -> 
  custom:AudioImporter_EditorPlatform: d09bf68614088b80899f8185d706f6e7 -> 
  custom:scripting/monoscript/fileName/ObjectsDatabseSO.cs: 2afa2e5691998fd2bc5181dd3a840eb3 -> 71ccc2bf9bca6f0dcc804d3ffc4c2bd8
  custom:video-encoder-webm-vp8: eb34c28f22e8b96e1ab97ce403110664 -> 
  custom:audio-decoder-ogg-vorbis: bf7c407c2cedff20999df2af8eb42d56 -> 
  custom:scripting/monoscript/fileName/IBuildingState.cs: 09c0a3f8d39063dce0920cf3356960cd -> 32400a3ed35b86ce99c3db8f9947b6b9
  custom:audio-encoder-webm-vorbis: bf7c407c2cedff20999df2af8eb42d56 -> 
  custom:scripting/monoscript/fileName/PlacementState.cs: 1bbc5f42e6bc4951e512085ce0917d01 -> 96997402e452df4d895c0ceae1c070c6
  custom:scripting/monoscript/fileName/GridData.cs: 2c21a4a303a21ab1f57293e521468a73 -> 5a181b89a6d813b204be6b5de3e080b4
========================================================================
Received Import Request.
  Time since last request: 112.923685 seconds.
  path: Assets/Scripts/House Scripts/PreviewSystem.cs
  artifactKey: Guid(d99e19d860fa4714491560588503e86f) Importer(815301076,1909f56bfc062723c751e8b465ee728b)
Start importing Assets/Scripts/House Scripts/PreviewSystem.cs using Guid(d99e19d860fa4714491560588503e86f) Importer(815301076,1909f56bfc062723c751e8b465ee728b)  -> (artifact id: '5bd823905846b452337e3905f6db5edf') in 0.004216 seconds
Number of updated asset objects reloaded before import = 0
Number of asset objects unloaded after import = 0
========================================================================
Received Prepare
Begin MonoManager ReloadAssembly
- Loaded All Assemblies, in  0.594 seconds
Refreshing native plugins compatible for Editor in 5.53 ms, found 3 plugins.
Native extension for WindowsStandalone target not found
Mono: successfully reloaded assembly
- Finished resetting the current domain, in  1.488 seconds
Domain Reload Profiling: 2076ms
	BeginReloadAssembly (197ms)
		ExecutionOrderSort (0ms)
		DisableScriptedObjects (6ms)
		BackupInstance (0ms)
		ReleaseScriptingObjects (0ms)
		CreateAndSetChildDomain (44ms)
	RebuildCommonClasses (42ms)
	RebuildNativeTypeToScriptingClass (14ms)
	initialDomainReloadingComplete (50ms)
	LoadAllAssembliesAndSetupDomain (284ms)
		LoadAssemblies (374ms)
		RebuildTransferFunctionScriptingTraits (0ms)
		AnalyzeDomain (18ms)
			TypeCache.Refresh (8ms)
				TypeCache.ScanAssembly (0ms)
			ScanForSourceGeneratedMonoScriptInfo (0ms)
			ResolveRequiredComponents (8ms)
	FinalizeReload (1489ms)
		ReleaseScriptCaches (0ms)
		RebuildScriptCaches (0ms)
		SetupLoadedEditorAssemblies (744ms)
			LogAssemblyErrors (0ms)
			InitializePlatformSupportModulesInManaged (10ms)
			SetLoadedEditorAssemblies (5ms)
			RefreshPlugins (0ms)
			BeforeProcessingInitializeOnLoad (92ms)
			ProcessInitializeOnLoadAttributes (595ms)
			ProcessInitializeOnLoadMethodAttributes (26ms)
			AfterProcessingInitializeOnLoad (15ms)
			EditorAssembliesLoaded (0ms)
		ExecutionOrderSort2 (0ms)
		AwakeInstancesAfterBackupRestoration (16ms)
Refreshing native plugins compatible for Editor in 5.78 ms, found 3 plugins.
Preloading 0 native plugins for Editor in 0.00 ms.
Unloading 3764 Unused Serialized files (Serialized files now loaded: 0)
Unloading 22 unused Assets / (31.0 KB). Loaded Objects now: 4349.
Memory consumption went from 150.2 MB to 150.2 MB.
Total: 5.326200 ms (FindLiveObjects: 0.536000 ms CreateObjectMapping: 0.131200 ms MarkObjects: 4.573700 ms  DeleteObjects: 0.083700 ms)

Prepare: number of updated asset objects reloaded= 0
AssetImportParameters requested are different than current active one (requested -> active):
  custom:scripting/monoscript/fileName/PlacementSystem.cs: 78738c21ef929cd09aff0e665ab4ee7d -> 4cfa27418f5d43cf7ed2e701bccac87d
  custom:container-demuxer-ogg: 62fdf1f143b41e24485cea50d1cbac27 -> 
  custom:video-decoder-ogg-theora: a1e56fd34408186e4bbccfd4996cb3dc -> 
  custom:framework-win-MediaFoundation: 216162199b28c13a410421893ffa2e32 -> 
  custom:scripting/monoscript/fileName/PreviewSystem.cs: 9446530e98c33c50feb97677bca8eeb8 -> 70da7d96942db19a4f2a9ba0707462ec
  custom:scripting/monoscript/fileName/RemovingState.cs: 8605b3795c76a38617298524e84e24d4 -> cc1a73acfa6a34f2249cc45506eeb252
  custom:scripting/monoscript/fileName/Constructable.cs: 06ee9b49f644b70a54c0b41034c995e5 -> f479f28d32fdb19e45e4adee4f5924d9
  custom:scripting/monoscript/fileName/InputManager.cs: 0518ac54db6a6320905109eb6dec4a75 -> d93f6a1b1c0c117f420779e72340a718
  custom:CustomObjectIndexerAttribute: 756ad292c208cfabdd7b50bc23989ffe -> 
  custom:scripting/monoscript/fileName/UIManager.cs: 57724e77908c1fb25747e98c23366ff8 -> 2595dc2cbd41cc2d023a3ebb28d87e9e
  custom:container-demuxer-webm: 4f35f7cbe854078d1ac9338744f61a02 -> 
  custom:scripting/monoscript/fileName/ObjectPlacer.cs: 3ac74b2dd3d87506c4efaf6bd5dd49d4 -> faedd1dbc4339b49f1b2e99b4939abf9
  custom:container-muxer-webm: aa71ff27fc2769a1b78a27578f13a17b -> 
  custom:video-decoder-webm-vp8: 9c59270c3fd7afecdb556c50c9e8de78 -> 
  custom:SearchIndexIgnoredProperties: e643bd26f0fe6173181afceb89e7c659 -> 
  custom:AudioImporter_EditorPlatform: d09bf68614088b80899f8185d706f6e7 -> 
  custom:scripting/monoscript/fileName/ObjectsDatabseSO.cs: 2afa2e5691998fd2bc5181dd3a840eb3 -> 71ccc2bf9bca6f0dcc804d3ffc4c2bd8
  custom:video-encoder-webm-vp8: eb34c28f22e8b96e1ab97ce403110664 -> 
  custom:audio-decoder-ogg-vorbis: bf7c407c2cedff20999df2af8eb42d56 -> 
  custom:scripting/monoscript/fileName/IBuildingState.cs: 09c0a3f8d39063dce0920cf3356960cd -> 32400a3ed35b86ce99c3db8f9947b6b9
  custom:audio-encoder-webm-vorbis: bf7c407c2cedff20999df2af8eb42d56 -> 
  custom:scripting/monoscript/fileName/PlacementState.cs: 1bbc5f42e6bc4951e512085ce0917d01 -> 96997402e452df4d895c0ceae1c070c6
  custom:scripting/monoscript/fileName/GridData.cs: 2c21a4a303a21ab1f57293e521468a73 -> 5a181b89a6d813b204be6b5de3e080b4
========================================================================
Received Prepare
Begin MonoManager ReloadAssembly
- Loaded All Assemblies, in  0.592 seconds
Refreshing native plugins compatible for Editor in 5.51 ms, found 3 plugins.
Native extension for WindowsStandalone target not found
Mono: successfully reloaded assembly
- Finished resetting the current domain, in  1.540 seconds
Domain Reload Profiling: 2125ms
	BeginReloadAssembly (198ms)
		ExecutionOrderSort (0ms)
		DisableScriptedObjects (6ms)
		BackupInstance (0ms)
		ReleaseScriptingObjects (0ms)
		CreateAndSetChildDomain (37ms)
	RebuildCommonClasses (46ms)
	RebuildNativeTypeToScriptingClass (13ms)
	initialDomainReloadingComplete (42ms)
	LoadAllAssembliesAndSetupDomain (286ms)
		LoadAssemblies (387ms)
		RebuildTransferFunctionScriptingTraits (0ms)
		AnalyzeDomain (13ms)
			TypeCache.Refresh (6ms)
				TypeCache.ScanAssembly (0ms)
			ScanForSourceGeneratedMonoScriptInfo (0ms)
			ResolveRequiredComponents (6ms)
	FinalizeReload (1541ms)
		ReleaseScriptCaches (0ms)
		RebuildScriptCaches (0ms)
		SetupLoadedEditorAssemblies (744ms)
			LogAssemblyErrors (0ms)
			InitializePlatformSupportModulesInManaged (10ms)
			SetLoadedEditorAssemblies (6ms)
			RefreshPlugins (0ms)
			BeforeProcessingInitializeOnLoad (91ms)
			ProcessInitializeOnLoadAttributes (598ms)
			ProcessInitializeOnLoadMethodAttributes (23ms)
			AfterProcessingInitializeOnLoad (17ms)
			EditorAssembliesLoaded (0ms)
		ExecutionOrderSort2 (0ms)
		AwakeInstancesAfterBackupRestoration (15ms)
Refreshing native plugins compatible for Editor in 5.76 ms, found 3 plugins.
Preloading 0 native plugins for Editor in 0.00 ms.
Unloading 3765 Unused Serialized files (Serialized files now loaded: 0)
Unloading 22 unused Assets / (31.1 KB). Loaded Objects now: 4353.
Memory consumption went from 150.4 MB to 150.4 MB.
Total: 4.636600 ms (FindLiveObjects: 0.468500 ms CreateObjectMapping: 0.105800 ms MarkObjects: 3.998500 ms  DeleteObjects: 0.062200 ms)

Prepare: number of updated asset objects reloaded= 0
AssetImportParameters requested are different than current active one (requested -> active):
  custom:scripting/monoscript/fileName/PlacementSystem.cs: 78738c21ef929cd09aff0e665ab4ee7d -> 4cfa27418f5d43cf7ed2e701bccac87d
  custom:container-demuxer-ogg: 62fdf1f143b41e24485cea50d1cbac27 -> 
  custom:video-decoder-ogg-theora: a1e56fd34408186e4bbccfd4996cb3dc -> 
  custom:framework-win-MediaFoundation: 216162199b28c13a410421893ffa2e32 -> 
  custom:scripting/monoscript/fileName/PreviewSystem.cs: 9446530e98c33c50feb97677bca8eeb8 -> 70da7d96942db19a4f2a9ba0707462ec
  custom:scripting/monoscript/fileName/RemovingState.cs: 8605b3795c76a38617298524e84e24d4 -> cc1a73acfa6a34f2249cc45506eeb252
  custom:scripting/monoscript/fileName/Constructable.cs: 06ee9b49f644b70a54c0b41034c995e5 -> f479f28d32fdb19e45e4adee4f5924d9
  custom:scripting/monoscript/fileName/InputManager.cs: 0518ac54db6a6320905109eb6dec4a75 -> d93f6a1b1c0c117f420779e72340a718
  custom:CustomObjectIndexerAttribute: 756ad292c208cfabdd7b50bc23989ffe -> 
  custom:scripting/monoscript/fileName/UIManager.cs: 57724e77908c1fb25747e98c23366ff8 -> 2595dc2cbd41cc2d023a3ebb28d87e9e
  custom:container-demuxer-webm: 4f35f7cbe854078d1ac9338744f61a02 -> 
  custom:scripting/monoscript/fileName/ObjectPlacer.cs: 3ac74b2dd3d87506c4efaf6bd5dd49d4 -> faedd1dbc4339b49f1b2e99b4939abf9
  custom:container-muxer-webm: aa71ff27fc2769a1b78a27578f13a17b -> 
  custom:video-decoder-webm-vp8: 9c59270c3fd7afecdb556c50c9e8de78 -> 
  custom:SearchIndexIgnoredProperties: e643bd26f0fe6173181afceb89e7c659 -> 
  custom:AudioImporter_EditorPlatform: d09bf68614088b80899f8185d706f6e7 -> 
  custom:scripting/monoscript/fileName/ObjectsDatabseSO.cs: 2afa2e5691998fd2bc5181dd3a840eb3 -> 71ccc2bf9bca6f0dcc804d3ffc4c2bd8
  custom:video-encoder-webm-vp8: eb34c28f22e8b96e1ab97ce403110664 -> 
  custom:audio-decoder-ogg-vorbis: bf7c407c2cedff20999df2af8eb42d56 -> 
  custom:scripting/monoscript/fileName/IBuildingState.cs: 09c0a3f8d39063dce0920cf3356960cd -> 32400a3ed35b86ce99c3db8f9947b6b9
  custom:audio-encoder-webm-vorbis: bf7c407c2cedff20999df2af8eb42d56 -> 
  custom:scripting/monoscript/fileName/PlacementState.cs: 1bbc5f42e6bc4951e512085ce0917d01 -> 96997402e452df4d895c0ceae1c070c6
  custom:scripting/monoscript/fileName/GridData.cs: 2c21a4a303a21ab1f57293e521468a73 -> 5a181b89a6d813b204be6b5de3e080b4
========================================================================
Received Import Request.
  Time since last request: 365.026677 seconds.
  path: Assets/New Terrain.asset
  artifactKey: Guid(6c39d335c377879418c36a15c34887e2) Importer(815301076,1909f56bfc062723c751e8b465ee728b)
Start importing Assets/New Terrain.asset using Guid(6c39d335c377879418c36a15c34887e2) Importer(815301076,1909f56bfc062723c751e8b465ee728b)  -> (artifact id: '48b1a8d445e6716fb51e884508333802') in 0.021145 seconds
Number of updated asset objects reloaded before import = 0
Number of asset objects unloaded after import = 1
========================================================================
Received Prepare
Begin MonoManager ReloadAssembly
- Loaded All Assemblies, in  0.681 seconds
Refreshing native plugins compatible for Editor in 5.95 ms, found 3 plugins.
Native extension for WindowsStandalone target not found
Mono: successfully reloaded assembly
- Finished resetting the current domain, in  1.599 seconds
Domain Reload Profiling: 2273ms
	BeginReloadAssembly (216ms)
		ExecutionOrderSort (0ms)
		DisableScriptedObjects (6ms)
		BackupInstance (0ms)
		ReleaseScriptingObjects (0ms)
		CreateAndSetChildDomain (53ms)
	RebuildCommonClasses (41ms)
	RebuildNativeTypeToScriptingClass (13ms)
	initialDomainReloadingComplete (46ms)
	LoadAllAssembliesAndSetupDomain (358ms)
		LoadAssemblies (457ms)
		RebuildTransferFunctionScriptingTraits (0ms)
		AnalyzeDomain (17ms)
			TypeCache.Refresh (8ms)
				TypeCache.ScanAssembly (0ms)
			ScanForSourceGeneratedMonoScriptInfo (0ms)
			ResolveRequiredComponents (8ms)
	FinalizeReload (1600ms)
		ReleaseScriptCaches (0ms)
		RebuildScriptCaches (0ms)
		SetupLoadedEditorAssemblies (802ms)
			LogAssemblyErrors (0ms)
			InitializePlatformSupportModulesInManaged (9ms)
			SetLoadedEditorAssemblies (6ms)
			RefreshPlugins (0ms)
			BeforeProcessingInitializeOnLoad (110ms)
			ProcessInitializeOnLoadAttributes (639ms)
			ProcessInitializeOnLoadMethodAttributes (21ms)
			AfterProcessingInitializeOnLoad (17ms)
			EditorAssembliesLoaded (0ms)
		ExecutionOrderSort2 (0ms)
		AwakeInstancesAfterBackupRestoration (14ms)
Refreshing native plugins compatible for Editor in 5.46 ms, found 3 plugins.
Preloading 0 native plugins for Editor in 0.00 ms.
Unloading 3764 Unused Serialized files (Serialized files now loaded: 0)
Unloading 22 unused Assets / (31.1 KB). Loaded Objects now: 4357.
Memory consumption went from 150.2 MB to 150.2 MB.
Total: 6.420500 ms (FindLiveObjects: 0.625600 ms CreateObjectMapping: 0.265500 ms MarkObjects: 5.449100 ms  DeleteObjects: 0.078200 ms)

Prepare: number of updated asset objects reloaded= 0
AssetImportParameters requested are different than current active one (requested -> active):
  custom:scripting/monoscript/fileName/PlacementSystem.cs: 78738c21ef929cd09aff0e665ab4ee7d -> 4cfa27418f5d43cf7ed2e701bccac87d
  custom:container-demuxer-ogg: 62fdf1f143b41e24485cea50d1cbac27 -> 
  custom:video-decoder-ogg-theora: a1e56fd34408186e4bbccfd4996cb3dc -> 
  custom:framework-win-MediaFoundation: 216162199b28c13a410421893ffa2e32 -> 
  custom:scripting/monoscript/fileName/PreviewSystem.cs: 9446530e98c33c50feb97677bca8eeb8 -> 70da7d96942db19a4f2a9ba0707462ec
  custom:scripting/monoscript/fileName/RemovingState.cs: 8605b3795c76a38617298524e84e24d4 -> cc1a73acfa6a34f2249cc45506eeb252
  custom:scripting/monoscript/fileName/Constructable.cs: 06ee9b49f644b70a54c0b41034c995e5 -> f479f28d32fdb19e45e4adee4f5924d9
  custom:scripting/monoscript/fileName/InputManager.cs: 0518ac54db6a6320905109eb6dec4a75 -> d93f6a1b1c0c117f420779e72340a718
  custom:CustomObjectIndexerAttribute: 756ad292c208cfabdd7b50bc23989ffe -> 
  custom:scripting/monoscript/fileName/UIManager.cs: 57724e77908c1fb25747e98c23366ff8 -> 2595dc2cbd41cc2d023a3ebb28d87e9e
  custom:container-demuxer-webm: 4f35f7cbe854078d1ac9338744f61a02 -> 
  custom:scripting/monoscript/fileName/ObjectPlacer.cs: 3ac74b2dd3d87506c4efaf6bd5dd49d4 -> faedd1dbc4339b49f1b2e99b4939abf9
  custom:container-muxer-webm: aa71ff27fc2769a1b78a27578f13a17b -> 
  custom:video-decoder-webm-vp8: 9c59270c3fd7afecdb556c50c9e8de78 -> 
  custom:SearchIndexIgnoredProperties: e643bd26f0fe6173181afceb89e7c659 -> 
  custom:AudioImporter_EditorPlatform: d09bf68614088b80899f8185d706f6e7 -> 
  custom:scripting/monoscript/fileName/ObjectsDatabseSO.cs: 2afa2e5691998fd2bc5181dd3a840eb3 -> 71ccc2bf9bca6f0dcc804d3ffc4c2bd8
  custom:video-encoder-webm-vp8: eb34c28f22e8b96e1ab97ce403110664 -> 
  custom:audio-decoder-ogg-vorbis: bf7c407c2cedff20999df2af8eb42d56 -> 
  custom:scripting/monoscript/fileName/IBuildingState.cs: 09c0a3f8d39063dce0920cf3356960cd -> 32400a3ed35b86ce99c3db8f9947b6b9
  custom:audio-encoder-webm-vorbis: bf7c407c2cedff20999df2af8eb42d56 -> 
  custom:scripting/monoscript/fileName/PlacementState.cs: 1bbc5f42e6bc4951e512085ce0917d01 -> 96997402e452df4d895c0ceae1c070c6
  custom:scripting/monoscript/fileName/GridData.cs: 2c21a4a303a21ab1f57293e521468a73 -> 5a181b89a6d813b204be6b5de3e080b4
========================================================================
Received Prepare
Begin MonoManager ReloadAssembly
- Loaded All Assemblies, in  0.590 seconds
Refreshing native plugins compatible for Editor in 5.94 ms, found 3 plugins.
Native extension for WindowsStandalone target not found
Mono: successfully reloaded assembly
- Finished resetting the current domain, in  1.484 seconds
Domain Reload Profiling: 2068ms
	BeginReloadAssembly (201ms)
		ExecutionOrderSort (0ms)
		DisableScriptedObjects (6ms)
		BackupInstance (0ms)
		ReleaseScriptingObjects (0ms)
		CreateAndSetChildDomain (42ms)
	RebuildCommonClasses (48ms)
	RebuildNativeTypeToScriptingClass (16ms)
	initialDomainReloadingComplete (42ms)
	LoadAllAssembliesAndSetupDomain (277ms)
		LoadAssemblies (373ms)
		RebuildTransferFunctionScriptingTraits (0ms)
		AnalyzeDomain (15ms)
			TypeCache.Refresh (7ms)
				TypeCache.ScanAssembly (0ms)
			ScanForSourceGeneratedMonoScriptInfo (0ms)
			ResolveRequiredComponents (6ms)
	FinalizeReload (1485ms)
		ReleaseScriptCaches (0ms)
		RebuildScriptCaches (0ms)
		SetupLoadedEditorAssemblies (744ms)
			LogAssemblyErrors (0ms)
			InitializePlatformSupportModulesInManaged (9ms)
			SetLoadedEditorAssemblies (5ms)
			RefreshPlugins (0ms)
			BeforeProcessingInitializeOnLoad (97ms)
			ProcessInitializeOnLoadAttributes (592ms)
			ProcessInitializeOnLoadMethodAttributes (22ms)
			AfterProcessingInitializeOnLoad (18ms)
			EditorAssembliesLoaded (0ms)
		ExecutionOrderSort2 (0ms)
		AwakeInstancesAfterBackupRestoration (13ms)
Refreshing native plugins compatible for Editor in 5.86 ms, found 3 plugins.
Preloading 0 native plugins for Editor in 0.00 ms.
Unloading 3765 Unused Serialized files (Serialized files now loaded: 0)
Unloading 22 unused Assets / (31.1 KB). Loaded Objects now: 4361.
Memory consumption went from 150.5 MB to 150.4 MB.
Total: 4.936600 ms (FindLiveObjects: 0.378000 ms CreateObjectMapping: 0.097500 ms MarkObjects: 4.391800 ms  DeleteObjects: 0.067900 ms)

Prepare: number of updated asset objects reloaded= 0
AssetImportParameters requested are different than current active one (requested -> active):
  custom:scripting/monoscript/fileName/PlacementSystem.cs: 78738c21ef929cd09aff0e665ab4ee7d -> 4cfa27418f5d43cf7ed2e701bccac87d
  custom:container-demuxer-ogg: 62fdf1f143b41e24485cea50d1cbac27 -> 
  custom:video-decoder-ogg-theora: a1e56fd34408186e4bbccfd4996cb3dc -> 
  custom:framework-win-MediaFoundation: 216162199b28c13a410421893ffa2e32 -> 
  custom:scripting/monoscript/fileName/PreviewSystem.cs: 9446530e98c33c50feb97677bca8eeb8 -> 70da7d96942db19a4f2a9ba0707462ec
  custom:scripting/monoscript/fileName/RemovingState.cs: 8605b3795c76a38617298524e84e24d4 -> cc1a73acfa6a34f2249cc45506eeb252
  custom:scripting/monoscript/fileName/Constructable.cs: 06ee9b49f644b70a54c0b41034c995e5 -> f479f28d32fdb19e45e4adee4f5924d9
  custom:scripting/monoscript/fileName/InputManager.cs: 0518ac54db6a6320905109eb6dec4a75 -> d93f6a1b1c0c117f420779e72340a718
  custom:CustomObjectIndexerAttribute: 756ad292c208cfabdd7b50bc23989ffe -> 
  custom:scripting/monoscript/fileName/UIManager.cs: 57724e77908c1fb25747e98c23366ff8 -> 2595dc2cbd41cc2d023a3ebb28d87e9e
  custom:container-demuxer-webm: 4f35f7cbe854078d1ac9338744f61a02 -> 
  custom:scripting/monoscript/fileName/ObjectPlacer.cs: 3ac74b2dd3d87506c4efaf6bd5dd49d4 -> faedd1dbc4339b49f1b2e99b4939abf9
  custom:container-muxer-webm: aa71ff27fc2769a1b78a27578f13a17b -> 
  custom:video-decoder-webm-vp8: 9c59270c3fd7afecdb556c50c9e8de78 -> 
  custom:SearchIndexIgnoredProperties: e643bd26f0fe6173181afceb89e7c659 -> 
  custom:AudioImporter_EditorPlatform: d09bf68614088b80899f8185d706f6e7 -> 
  custom:scripting/monoscript/fileName/ObjectsDatabseSO.cs: 2afa2e5691998fd2bc5181dd3a840eb3 -> 71ccc2bf9bca6f0dcc804d3ffc4c2bd8
  custom:video-encoder-webm-vp8: eb34c28f22e8b96e1ab97ce403110664 -> 
  custom:audio-decoder-ogg-vorbis: bf7c407c2cedff20999df2af8eb42d56 -> 
  custom:scripting/monoscript/fileName/IBuildingState.cs: 09c0a3f8d39063dce0920cf3356960cd -> 32400a3ed35b86ce99c3db8f9947b6b9
  custom:audio-encoder-webm-vorbis: bf7c407c2cedff20999df2af8eb42d56 -> 
  custom:scripting/monoscript/fileName/PlacementState.cs: 1bbc5f42e6bc4951e512085ce0917d01 -> 96997402e452df4d895c0ceae1c070c6
  custom:scripting/monoscript/fileName/GridData.cs: 2c21a4a303a21ab1f57293e521468a73 -> 5a181b89a6d813b204be6b5de3e080b4
========================================================================
Received Prepare
Begin MonoManager ReloadAssembly
- Loaded All Assemblies, in  0.588 seconds
Refreshing native plugins compatible for Editor in 5.25 ms, found 3 plugins.
Native extension for WindowsStandalone target not found
Mono: successfully reloaded assembly
- Finished resetting the current domain, in  1.512 seconds
Domain Reload Profiling: 2094ms
	BeginReloadAssembly (199ms)
		ExecutionOrderSort (0ms)
		DisableScriptedObjects (7ms)
		BackupInstance (0ms)
		ReleaseScriptingObjects (0ms)
		CreateAndSetChildDomain (41ms)
	RebuildCommonClasses (44ms)
	RebuildNativeTypeToScriptingClass (13ms)
	initialDomainReloadingComplete (41ms)
	LoadAllAssembliesAndSetupDomain (285ms)
		LoadAssemblies (374ms)
		RebuildTransferFunctionScriptingTraits (0ms)
		AnalyzeDomain (15ms)
			TypeCache.Refresh (8ms)
				TypeCache.ScanAssembly (0ms)
			ScanForSourceGeneratedMonoScriptInfo (0ms)
			ResolveRequiredComponents (6ms)
	FinalizeReload (1513ms)
		ReleaseScriptCaches (0ms)
		RebuildScriptCaches (0ms)
		SetupLoadedEditorAssemblies (739ms)
			LogAssemblyErrors (0ms)
			InitializePlatformSupportModulesInManaged (10ms)
			SetLoadedEditorAssemblies (5ms)
			RefreshPlugins (0ms)
			BeforeProcessingInitializeOnLoad (91ms)
			ProcessInitializeOnLoadAttributes (591ms)
			ProcessInitializeOnLoadMethodAttributes (25ms)
			AfterProcessingInitializeOnLoad (16ms)
			EditorAssembliesLoaded (0ms)
		ExecutionOrderSort2 (0ms)
		AwakeInstancesAfterBackupRestoration (14ms)
Refreshing native plugins compatible for Editor in 6.48 ms, found 3 plugins.
Preloading 0 native plugins for Editor in 0.00 ms.
Unloading 3765 Unused Serialized files (Serialized files now loaded: 0)
Unloading 22 unused Assets / (31.2 KB). Loaded Objects now: 4365.
Memory consumption went from 150.5 MB to 150.4 MB.
Total: 5.264600 ms (FindLiveObjects: 0.545100 ms CreateObjectMapping: 0.121500 ms MarkObjects: 4.524600 ms  DeleteObjects: 0.071700 ms)

Prepare: number of updated asset objects reloaded= 0
AssetImportParameters requested are different than current active one (requested -> active):
  custom:scripting/monoscript/fileName/PlacementSystem.cs: 78738c21ef929cd09aff0e665ab4ee7d -> 4cfa27418f5d43cf7ed2e701bccac87d
  custom:container-demuxer-ogg: 62fdf1f143b41e24485cea50d1cbac27 -> 
  custom:video-decoder-ogg-theora: a1e56fd34408186e4bbccfd4996cb3dc -> 
  custom:framework-win-MediaFoundation: 216162199b28c13a410421893ffa2e32 -> 
  custom:scripting/monoscript/fileName/PreviewSystem.cs: 9446530e98c33c50feb97677bca8eeb8 -> 70da7d96942db19a4f2a9ba0707462ec
  custom:scripting/monoscript/fileName/RemovingState.cs: 8605b3795c76a38617298524e84e24d4 -> cc1a73acfa6a34f2249cc45506eeb252
  custom:scripting/monoscript/fileName/Constructable.cs: 06ee9b49f644b70a54c0b41034c995e5 -> f479f28d32fdb19e45e4adee4f5924d9
  custom:scripting/monoscript/fileName/InputManager.cs: 0518ac54db6a6320905109eb6dec4a75 -> d93f6a1b1c0c117f420779e72340a718
  custom:CustomObjectIndexerAttribute: 756ad292c208cfabdd7b50bc23989ffe -> 
  custom:scripting/monoscript/fileName/UIManager.cs: 57724e77908c1fb25747e98c23366ff8 -> 2595dc2cbd41cc2d023a3ebb28d87e9e
  custom:container-demuxer-webm: 4f35f7cbe854078d1ac9338744f61a02 -> 
  custom:scripting/monoscript/fileName/ObjectPlacer.cs: 3ac74b2dd3d87506c4efaf6bd5dd49d4 -> faedd1dbc4339b49f1b2e99b4939abf9
  custom:container-muxer-webm: aa71ff27fc2769a1b78a27578f13a17b -> 
  custom:video-decoder-webm-vp8: 9c59270c3fd7afecdb556c50c9e8de78 -> 
  custom:SearchIndexIgnoredProperties: e643bd26f0fe6173181afceb89e7c659 -> 
  custom:AudioImporter_EditorPlatform: d09bf68614088b80899f8185d706f6e7 -> 
  custom:scripting/monoscript/fileName/ObjectsDatabseSO.cs: 2afa2e5691998fd2bc5181dd3a840eb3 -> 71ccc2bf9bca6f0dcc804d3ffc4c2bd8
  custom:video-encoder-webm-vp8: eb34c28f22e8b96e1ab97ce403110664 -> 
  custom:audio-decoder-ogg-vorbis: bf7c407c2cedff20999df2af8eb42d56 -> 
  custom:scripting/monoscript/fileName/IBuildingState.cs: 09c0a3f8d39063dce0920cf3356960cd -> 32400a3ed35b86ce99c3db8f9947b6b9
  custom:audio-encoder-webm-vorbis: bf7c407c2cedff20999df2af8eb42d56 -> 
  custom:scripting/monoscript/fileName/PlacementState.cs: 1bbc5f42e6bc4951e512085ce0917d01 -> 96997402e452df4d895c0ceae1c070c6
  custom:scripting/monoscript/fileName/GridData.cs: 2c21a4a303a21ab1f57293e521468a73 -> 5a181b89a6d813b204be6b5de3e080b4
========================================================================
Received Prepare
Begin MonoManager ReloadAssembly
- Loaded All Assemblies, in  0.592 seconds
Refreshing native plugins compatible for Editor in 5.89 ms, found 3 plugins.
Native extension for WindowsStandalone target not found
Mono: successfully reloaded assembly
- Finished resetting the current domain, in  1.512 seconds
Domain Reload Profiling: 2098ms
	BeginReloadAssembly (196ms)
		ExecutionOrderSort (0ms)
		DisableScriptedObjects (6ms)
		BackupInstance (0ms)
		ReleaseScriptingObjects (0ms)
		CreateAndSetChildDomain (40ms)
	RebuildCommonClasses (39ms)
	RebuildNativeTypeToScriptingClass (13ms)
	initialDomainReloadingComplete (42ms)
	LoadAllAssembliesAndSetupDomain (296ms)
		LoadAssemblies (387ms)
		RebuildTransferFunctionScriptingTraits (0ms)
		AnalyzeDomain (17ms)
			TypeCache.Refresh (8ms)
				TypeCache.ScanAssembly (0ms)
			ScanForSourceGeneratedMonoScriptInfo (0ms)
			ResolveRequiredComponents (7ms)
	FinalizeReload (1513ms)
		ReleaseScriptCaches (0ms)
		RebuildScriptCaches (0ms)
		SetupLoadedEditorAssemblies (742ms)
			LogAssemblyErrors (0ms)
			InitializePlatformSupportModulesInManaged (10ms)
			SetLoadedEditorAssemblies (6ms)
			RefreshPlugins (0ms)
			BeforeProcessingInitializeOnLoad (95ms)
			ProcessInitializeOnLoadAttributes (593ms)
			ProcessInitializeOnLoadMethodAttributes (22ms)
			AfterProcessingInitializeOnLoad (16ms)
			EditorAssembliesLoaded (0ms)
		ExecutionOrderSort2 (0ms)
		AwakeInstancesAfterBackupRestoration (16ms)
Refreshing native plugins compatible for Editor in 7.13 ms, found 3 plugins.
Preloading 0 native plugins for Editor in 0.00 ms.
Unloading 3765 Unused Serialized files (Serialized files now loaded: 0)
Unloading 22 unused Assets / (31.1 KB). Loaded Objects now: 4369.
Memory consumption went from 150.5 MB to 150.4 MB.
Total: 4.332500 ms (FindLiveObjects: 0.450700 ms CreateObjectMapping: 0.109100 ms MarkObjects: 3.706700 ms  DeleteObjects: 0.064300 ms)

Prepare: number of updated asset objects reloaded= 0
AssetImportParameters requested are different than current active one (requested -> active):
  custom:scripting/monoscript/fileName/PlacementSystem.cs: 78738c21ef929cd09aff0e665ab4ee7d -> 4cfa27418f5d43cf7ed2e701bccac87d
  custom:container-demuxer-ogg: 62fdf1f143b41e24485cea50d1cbac27 -> 
  custom:video-decoder-ogg-theora: a1e56fd34408186e4bbccfd4996cb3dc -> 
  custom:framework-win-MediaFoundation: 216162199b28c13a410421893ffa2e32 -> 
  custom:scripting/monoscript/fileName/PreviewSystem.cs: 9446530e98c33c50feb97677bca8eeb8 -> 70da7d96942db19a4f2a9ba0707462ec
  custom:scripting/monoscript/fileName/RemovingState.cs: 8605b3795c76a38617298524e84e24d4 -> cc1a73acfa6a34f2249cc45506eeb252
  custom:scripting/monoscript/fileName/Constructable.cs: 06ee9b49f644b70a54c0b41034c995e5 -> f479f28d32fdb19e45e4adee4f5924d9
  custom:scripting/monoscript/fileName/InputManager.cs: 0518ac54db6a6320905109eb6dec4a75 -> d93f6a1b1c0c117f420779e72340a718
  custom:CustomObjectIndexerAttribute: 756ad292c208cfabdd7b50bc23989ffe -> 
  custom:scripting/monoscript/fileName/UIManager.cs: 57724e77908c1fb25747e98c23366ff8 -> 2595dc2cbd41cc2d023a3ebb28d87e9e
  custom:container-demuxer-webm: 4f35f7cbe854078d1ac9338744f61a02 -> 
  custom:scripting/monoscript/fileName/ObjectPlacer.cs: 3ac74b2dd3d87506c4efaf6bd5dd49d4 -> faedd1dbc4339b49f1b2e99b4939abf9
  custom:container-muxer-webm: aa71ff27fc2769a1b78a27578f13a17b -> 
  custom:video-decoder-webm-vp8: 9c59270c3fd7afecdb556c50c9e8de78 -> 
  custom:SearchIndexIgnoredProperties: e643bd26f0fe6173181afceb89e7c659 -> 
  custom:AudioImporter_EditorPlatform: d09bf68614088b80899f8185d706f6e7 -> 
  custom:scripting/monoscript/fileName/ObjectsDatabseSO.cs: 2afa2e5691998fd2bc5181dd3a840eb3 -> 71ccc2bf9bca6f0dcc804d3ffc4c2bd8
  custom:video-encoder-webm-vp8: eb34c28f22e8b96e1ab97ce403110664 -> 
  custom:audio-decoder-ogg-vorbis: bf7c407c2cedff20999df2af8eb42d56 -> 
  custom:scripting/monoscript/fileName/IBuildingState.cs: 09c0a3f8d39063dce0920cf3356960cd -> 32400a3ed35b86ce99c3db8f9947b6b9
  custom:audio-encoder-webm-vorbis: bf7c407c2cedff20999df2af8eb42d56 -> 
  custom:scripting/monoscript/fileName/PlacementState.cs: 1bbc5f42e6bc4951e512085ce0917d01 -> 96997402e452df4d895c0ceae1c070c6
  custom:scripting/monoscript/fileName/GridData.cs: 2c21a4a303a21ab1f57293e521468a73 -> 5a181b89a6d813b204be6b5de3e080b4
========================================================================
Received Import Request.
  Time since last request: 1451.866563 seconds.
  path: Assets/Materials/UI
  artifactKey: Guid(4b4fc78741936ca4c9d4c2543f5803b9) Importer(815301076,1909f56bfc062723c751e8b465ee728b)
Start importing Assets/Materials/UI using Guid(4b4fc78741936ca4c9d4c2543f5803b9) Importer(815301076,1909f56bfc062723c751e8b465ee728b)  -> (artifact id: '0731f3d8b12b359069976490ddefd272') in 0.005151 seconds
Number of updated asset objects reloaded before import = 0
Number of asset objects unloaded after import = 0
========================================================================
Received Import Request.
  Time since last request: 0.036352 seconds.
  path: Assets/Materials/UI/GreenEmissionHP.mat
  artifactKey: Guid(b6792c775e4a2db41be35dca149451ad) Importer(815301076,1909f56bfc062723c751e8b465ee728b)
Start importing Assets/Materials/UI/GreenEmissionHP.mat using Guid(b6792c775e4a2db41be35dca149451ad) Importer(815301076,1909f56bfc062723c751e8b465ee728b)  -> (artifact id: '7dada0da84c4770238f2be7b72c0bbe6') in 0.095124 seconds
Number of updated asset objects reloaded before import = 0
Number of asset objects unloaded after import = 1
========================================================================
Received Import Request.
  Time since last request: 0.000032 seconds.
  path: Assets/Materials/UI/YellowEmissionHP.mat
  artifactKey: Guid(24d407e1623c7d04c83de985a691b964) Importer(815301076,1909f56bfc062723c751e8b465ee728b)
Start importing Assets/Materials/UI/YellowEmissionHP.mat using Guid(24d407e1623c7d04c83de985a691b964) Importer(815301076,1909f56bfc062723c751e8b465ee728b)  -> (artifact id: '6feabd2c554891c06e93baf004d6fc81') in 0.020424 seconds
Number of updated asset objects reloaded before import = 0
Number of asset objects unloaded after import = 1
========================================================================
Received Prepare
Begin MonoManager ReloadAssembly
- Loaded All Assemblies, in  0.622 seconds
Refreshing native plugins compatible for Editor in 6.00 ms, found 3 plugins.
Native extension for WindowsStandalone target not found
Mono: successfully reloaded assembly
- Finished resetting the current domain, in  1.653 seconds
Domain Reload Profiling: 2268ms
	BeginReloadAssembly (195ms)
		ExecutionOrderSort (0ms)
		DisableScriptedObjects (5ms)
		BackupInstance (0ms)
		ReleaseScriptingObjects (0ms)
		CreateAndSetChildDomain (41ms)
	RebuildCommonClasses (42ms)
	RebuildNativeTypeToScriptingClass (12ms)
	initialDomainReloadingComplete (42ms)
	LoadAllAssembliesAndSetupDomain (322ms)
		LoadAssemblies (407ms)
		RebuildTransferFunctionScriptingTraits (0ms)
		AnalyzeDomain (25ms)
			TypeCache.Refresh (12ms)
				TypeCache.ScanAssembly (0ms)
			ScanForSourceGeneratedMonoScriptInfo (0ms)
			ResolveRequiredComponents (11ms)
	FinalizeReload (1654ms)
		ReleaseScriptCaches (0ms)
		RebuildScriptCaches (0ms)
		SetupLoadedEditorAssemblies (826ms)
			LogAssemblyErrors (0ms)
			InitializePlatformSupportModulesInManaged (11ms)
			SetLoadedEditorAssemblies (6ms)
			RefreshPlugins (0ms)
			BeforeProcessingInitializeOnLoad (103ms)
			ProcessInitializeOnLoadAttributes (663ms)
			ProcessInitializeOnLoadMethodAttributes (25ms)
			AfterProcessingInitializeOnLoad (18ms)
			EditorAssembliesLoaded (0ms)
		ExecutionOrderSort2 (0ms)
		AwakeInstancesAfterBackupRestoration (16ms)
Refreshing native plugins compatible for Editor in 6.35 ms, found 3 plugins.
Preloading 0 native plugins for Editor in 0.00 ms.
Unloading 3764 Unused Serialized files (Serialized files now loaded: 0)
Unloading 22 unused Assets / (31.1 KB). Loaded Objects now: 4373.
Memory consumption went from 150.2 MB to 150.2 MB.
Total: 6.271800 ms (FindLiveObjects: 0.647100 ms CreateObjectMapping: 0.218100 ms MarkObjects: 5.305700 ms  DeleteObjects: 0.099100 ms)

Prepare: number of updated asset objects reloaded= 0
AssetImportParameters requested are different than current active one (requested -> active):
  custom:scripting/monoscript/fileName/PlacementSystem.cs: 78738c21ef929cd09aff0e665ab4ee7d -> 4cfa27418f5d43cf7ed2e701bccac87d
  custom:container-demuxer-ogg: 62fdf1f143b41e24485cea50d1cbac27 -> 
  custom:video-decoder-ogg-theora: a1e56fd34408186e4bbccfd4996cb3dc -> 
  custom:framework-win-MediaFoundation: 216162199b28c13a410421893ffa2e32 -> 
  custom:scripting/monoscript/fileName/PreviewSystem.cs: 9446530e98c33c50feb97677bca8eeb8 -> 70da7d96942db19a4f2a9ba0707462ec
  custom:scripting/monoscript/fileName/RemovingState.cs: 8605b3795c76a38617298524e84e24d4 -> cc1a73acfa6a34f2249cc45506eeb252
  custom:scripting/monoscript/fileName/Constructable.cs: 06ee9b49f644b70a54c0b41034c995e5 -> f479f28d32fdb19e45e4adee4f5924d9
  custom:scripting/monoscript/fileName/InputManager.cs: 0518ac54db6a6320905109eb6dec4a75 -> d93f6a1b1c0c117f420779e72340a718
  custom:CustomObjectIndexerAttribute: 756ad292c208cfabdd7b50bc23989ffe -> 
  custom:scripting/monoscript/fileName/UIManager.cs: 57724e77908c1fb25747e98c23366ff8 -> 2595dc2cbd41cc2d023a3ebb28d87e9e
  custom:container-demuxer-webm: 4f35f7cbe854078d1ac9338744f61a02 -> 
  custom:scripting/monoscript/fileName/ObjectPlacer.cs: 3ac74b2dd3d87506c4efaf6bd5dd49d4 -> faedd1dbc4339b49f1b2e99b4939abf9
  custom:container-muxer-webm: aa71ff27fc2769a1b78a27578f13a17b -> 
  custom:video-decoder-webm-vp8: 9c59270c3fd7afecdb556c50c9e8de78 -> 
  custom:SearchIndexIgnoredProperties: e643bd26f0fe6173181afceb89e7c659 -> 
  custom:AudioImporter_EditorPlatform: d09bf68614088b80899f8185d706f6e7 -> 
  custom:scripting/monoscript/fileName/ObjectsDatabseSO.cs: 2afa2e5691998fd2bc5181dd3a840eb3 -> 71ccc2bf9bca6f0dcc804d3ffc4c2bd8
  custom:video-encoder-webm-vp8: eb34c28f22e8b96e1ab97ce403110664 -> 
  custom:audio-decoder-ogg-vorbis: bf7c407c2cedff20999df2af8eb42d56 -> 
  custom:scripting/monoscript/fileName/IBuildingState.cs: 09c0a3f8d39063dce0920cf3356960cd -> 32400a3ed35b86ce99c3db8f9947b6b9
  custom:audio-encoder-webm-vorbis: bf7c407c2cedff20999df2af8eb42d56 -> 
  custom:scripting/monoscript/fileName/PlacementState.cs: 1bbc5f42e6bc4951e512085ce0917d01 -> 96997402e452df4d895c0ceae1c070c6
  custom:scripting/monoscript/fileName/GridData.cs: 2c21a4a303a21ab1f57293e521468a73 -> 5a181b89a6d813b204be6b5de3e080b4
========================================================================
Received Prepare
Begin MonoManager ReloadAssembly
- Loaded All Assemblies, in  0.588 seconds
Refreshing native plugins compatible for Editor in 5.78 ms, found 3 plugins.
Native extension for WindowsStandalone target not found
Mono: successfully reloaded assembly
- Finished resetting the current domain, in  1.450 seconds
Domain Reload Profiling: 2030ms
	BeginReloadAssembly (197ms)
		ExecutionOrderSort (0ms)
		DisableScriptedObjects (6ms)
		BackupInstance (0ms)
		ReleaseScriptingObjects (0ms)
		CreateAndSetChildDomain (37ms)
	RebuildCommonClasses (39ms)
	RebuildNativeTypeToScriptingClass (13ms)
	initialDomainReloadingComplete (44ms)
	LoadAllAssembliesAndSetupDomain (287ms)
		LoadAssemblies (364ms)
		RebuildTransferFunctionScriptingTraits (0ms)
		AnalyzeDomain (30ms)
			TypeCache.Refresh (10ms)
				TypeCache.ScanAssembly (1ms)
			ScanForSourceGeneratedMonoScriptInfo (13ms)
			ResolveRequiredComponents (6ms)
	FinalizeReload (1450ms)
		ReleaseScriptCaches (0ms)
		RebuildScriptCaches (0ms)
		SetupLoadedEditorAssemblies (724ms)
			LogAssemblyErrors (0ms)
			InitializePlatformSupportModulesInManaged (9ms)
			SetLoadedEditorAssemblies (6ms)
			RefreshPlugins (0ms)
			BeforeProcessingInitializeOnLoad (93ms)
			ProcessInitializeOnLoadAttributes (581ms)
			ProcessInitializeOnLoadMethodAttributes (21ms)
			AfterProcessingInitializeOnLoad (14ms)
			EditorAssembliesLoaded (0ms)
		ExecutionOrderSort2 (0ms)
		AwakeInstancesAfterBackupRestoration (16ms)
Refreshing native plugins compatible for Editor in 5.56 ms, found 3 plugins.
Preloading 0 native plugins for Editor in 0.00 ms.
Unloading 3765 Unused Serialized files (Serialized files now loaded: 0)
Unloading 22 unused Assets / (31.0 KB). Loaded Objects now: 4377.
Memory consumption went from 150.5 MB to 150.4 MB.
Total: 4.121100 ms (FindLiveObjects: 0.416200 ms CreateObjectMapping: 0.103200 ms MarkObjects: 3.544900 ms  DeleteObjects: 0.055400 ms)

Prepare: number of updated asset objects reloaded= 0
AssetImportParameters requested are different than current active one (requested -> active):
  custom:scripting/monoscript/fileName/PlacementSystem.cs: 78738c21ef929cd09aff0e665ab4ee7d -> 4cfa27418f5d43cf7ed2e701bccac87d
  custom:container-demuxer-ogg: 62fdf1f143b41e24485cea50d1cbac27 -> 
  custom:video-decoder-ogg-theora: a1e56fd34408186e4bbccfd4996cb3dc -> 
  custom:framework-win-MediaFoundation: 216162199b28c13a410421893ffa2e32 -> 
  custom:scripting/monoscript/fileName/PreviewSystem.cs: 9446530e98c33c50feb97677bca8eeb8 -> 70da7d96942db19a4f2a9ba0707462ec
  custom:scripting/monoscript/fileName/RemovingState.cs: 8605b3795c76a38617298524e84e24d4 -> cc1a73acfa6a34f2249cc45506eeb252
  custom:scripting/monoscript/fileName/Constructable.cs: 06ee9b49f644b70a54c0b41034c995e5 -> f479f28d32fdb19e45e4adee4f5924d9
  custom:scripting/monoscript/fileName/InputManager.cs: 0518ac54db6a6320905109eb6dec4a75 -> d93f6a1b1c0c117f420779e72340a718
  custom:CustomObjectIndexerAttribute: 756ad292c208cfabdd7b50bc23989ffe -> 
  custom:scripting/monoscript/fileName/UIManager.cs: 57724e77908c1fb25747e98c23366ff8 -> 2595dc2cbd41cc2d023a3ebb28d87e9e
  custom:container-demuxer-webm: 4f35f7cbe854078d1ac9338744f61a02 -> 
  custom:scripting/monoscript/fileName/ObjectPlacer.cs: 3ac74b2dd3d87506c4efaf6bd5dd49d4 -> faedd1dbc4339b49f1b2e99b4939abf9
  custom:container-muxer-webm: aa71ff27fc2769a1b78a27578f13a17b -> 
  custom:video-decoder-webm-vp8: 9c59270c3fd7afecdb556c50c9e8de78 -> 
  custom:SearchIndexIgnoredProperties: e643bd26f0fe6173181afceb89e7c659 -> 
  custom:AudioImporter_EditorPlatform: d09bf68614088b80899f8185d706f6e7 -> 
  custom:scripting/monoscript/fileName/ObjectsDatabseSO.cs: 2afa2e5691998fd2bc5181dd3a840eb3 -> 71ccc2bf9bca6f0dcc804d3ffc4c2bd8
  custom:video-encoder-webm-vp8: eb34c28f22e8b96e1ab97ce403110664 -> 
  custom:audio-decoder-ogg-vorbis: bf7c407c2cedff20999df2af8eb42d56 -> 
  custom:scripting/monoscript/fileName/IBuildingState.cs: 09c0a3f8d39063dce0920cf3356960cd -> 32400a3ed35b86ce99c3db8f9947b6b9
  custom:audio-encoder-webm-vorbis: bf7c407c2cedff20999df2af8eb42d56 -> 
  custom:scripting/monoscript/fileName/PlacementState.cs: 1bbc5f42e6bc4951e512085ce0917d01 -> 96997402e452df4d895c0ceae1c070c6
  custom:scripting/monoscript/fileName/GridData.cs: 2c21a4a303a21ab1f57293e521468a73 -> 5a181b89a6d813b204be6b5de3e080b4
========================================================================
Received Prepare
Begin MonoManager ReloadAssembly
- Loaded All Assemblies, in  0.579 seconds
Refreshing native plugins compatible for Editor in 5.96 ms, found 3 plugins.
Native extension for WindowsStandalone target not found
Mono: successfully reloaded assembly
- Finished resetting the current domain, in  1.571 seconds
Domain Reload Profiling: 2144ms
	BeginReloadAssembly (197ms)
		ExecutionOrderSort (0ms)
		DisableScriptedObjects (6ms)
		BackupInstance (0ms)
		ReleaseScriptingObjects (0ms)
		CreateAndSetChildDomain (41ms)
	RebuildCommonClasses (40ms)
	RebuildNativeTypeToScriptingClass (13ms)
	initialDomainReloadingComplete (40ms)
	LoadAllAssembliesAndSetupDomain (282ms)
		LoadAssemblies (378ms)
		RebuildTransferFunctionScriptingTraits (0ms)
		AnalyzeDomain (14ms)
			TypeCache.Refresh (7ms)
				TypeCache.ScanAssembly (0ms)
			ScanForSourceGeneratedMonoScriptInfo (0ms)
			ResolveRequiredComponents (6ms)
	FinalizeReload (1572ms)
		ReleaseScriptCaches (0ms)
		RebuildScriptCaches (0ms)
		SetupLoadedEditorAssemblies (786ms)
			LogAssemblyErrors (0ms)
			InitializePlatformSupportModulesInManaged (10ms)
			SetLoadedEditorAssemblies (6ms)
			RefreshPlugins (0ms)
			BeforeProcessingInitializeOnLoad (94ms)
			ProcessInitializeOnLoadAttributes (639ms)
			ProcessInitializeOnLoadMethodAttributes (21ms)
			AfterProcessingInitializeOnLoad (16ms)
			EditorAssembliesLoaded (0ms)
		ExecutionOrderSort2 (0ms)
		AwakeInstancesAfterBackupRestoration (13ms)
Refreshing native plugins compatible for Editor in 6.03 ms, found 3 plugins.
Preloading 0 native plugins for Editor in 0.00 ms.
Unloading 3765 Unused Serialized files (Serialized files now loaded: 0)
Unloading 22 unused Assets / (31.1 KB). Loaded Objects now: 4381.
Memory consumption went from 150.5 MB to 150.4 MB.
Total: 4.821200 ms (FindLiveObjects: 0.476300 ms CreateObjectMapping: 0.111200 ms MarkObjects: 4.167100 ms  DeleteObjects: 0.065500 ms)

Prepare: number of updated asset objects reloaded= 0
AssetImportParameters requested are different than current active one (requested -> active):
  custom:scripting/monoscript/fileName/PlacementSystem.cs: 78738c21ef929cd09aff0e665ab4ee7d -> 4cfa27418f5d43cf7ed2e701bccac87d
  custom:container-demuxer-ogg: 62fdf1f143b41e24485cea50d1cbac27 -> 
  custom:video-decoder-ogg-theora: a1e56fd34408186e4bbccfd4996cb3dc -> 
  custom:framework-win-MediaFoundation: 216162199b28c13a410421893ffa2e32 -> 
  custom:scripting/monoscript/fileName/PreviewSystem.cs: 9446530e98c33c50feb97677bca8eeb8 -> 70da7d96942db19a4f2a9ba0707462ec
  custom:scripting/monoscript/fileName/RemovingState.cs: 8605b3795c76a38617298524e84e24d4 -> cc1a73acfa6a34f2249cc45506eeb252
  custom:scripting/monoscript/fileName/Constructable.cs: 06ee9b49f644b70a54c0b41034c995e5 -> f479f28d32fdb19e45e4adee4f5924d9
  custom:scripting/monoscript/fileName/InputManager.cs: 0518ac54db6a6320905109eb6dec4a75 -> d93f6a1b1c0c117f420779e72340a718
  custom:CustomObjectIndexerAttribute: 756ad292c208cfabdd7b50bc23989ffe -> 
  custom:scripting/monoscript/fileName/UIManager.cs: 57724e77908c1fb25747e98c23366ff8 -> 2595dc2cbd41cc2d023a3ebb28d87e9e
  custom:container-demuxer-webm: 4f35f7cbe854078d1ac9338744f61a02 -> 
  custom:scripting/monoscript/fileName/ObjectPlacer.cs: 3ac74b2dd3d87506c4efaf6bd5dd49d4 -> faedd1dbc4339b49f1b2e99b4939abf9
  custom:container-muxer-webm: aa71ff27fc2769a1b78a27578f13a17b -> 
  custom:video-decoder-webm-vp8: 9c59270c3fd7afecdb556c50c9e8de78 -> 
  custom:SearchIndexIgnoredProperties: e643bd26f0fe6173181afceb89e7c659 -> 
  custom:AudioImporter_EditorPlatform: d09bf68614088b80899f8185d706f6e7 -> 
  custom:scripting/monoscript/fileName/ObjectsDatabseSO.cs: 2afa2e5691998fd2bc5181dd3a840eb3 -> 71ccc2bf9bca6f0dcc804d3ffc4c2bd8
  custom:video-encoder-webm-vp8: eb34c28f22e8b96e1ab97ce403110664 -> 
  custom:audio-decoder-ogg-vorbis: bf7c407c2cedff20999df2af8eb42d56 -> 
  custom:scripting/monoscript/fileName/IBuildingState.cs: 09c0a3f8d39063dce0920cf3356960cd -> 32400a3ed35b86ce99c3db8f9947b6b9
  custom:audio-encoder-webm-vorbis: bf7c407c2cedff20999df2af8eb42d56 -> 
  custom:scripting/monoscript/fileName/PlacementState.cs: 1bbc5f42e6bc4951e512085ce0917d01 -> 96997402e452df4d895c0ceae1c070c6
  custom:scripting/monoscript/fileName/GridData.cs: 2c21a4a303a21ab1f57293e521468a73 -> 5a181b89a6d813b204be6b5de3e080b4
========================================================================
Received Prepare
Begin MonoManager ReloadAssembly
- Loaded All Assemblies, in  0.662 seconds
Refreshing native plugins compatible for Editor in 6.05 ms, found 3 plugins.
Native extension for WindowsStandalone target not found
Mono: successfully reloaded assembly
- Finished resetting the current domain, in  1.809 seconds
Domain Reload Profiling: 2464ms
	BeginReloadAssembly (221ms)
		ExecutionOrderSort (0ms)
		DisableScriptedObjects (9ms)
		BackupInstance (0ms)
		ReleaseScriptingObjects (0ms)
		CreateAndSetChildDomain (48ms)
	RebuildCommonClasses (52ms)
	RebuildNativeTypeToScriptingClass (13ms)
	initialDomainReloadingComplete (49ms)
	LoadAllAssembliesAndSetupDomain (320ms)
		LoadAssemblies (407ms)
		RebuildTransferFunctionScriptingTraits (0ms)
		AnalyzeDomain (35ms)
			TypeCache.Refresh (11ms)
				TypeCache.ScanAssembly (1ms)
			ScanForSourceGeneratedMonoScriptInfo (15ms)
			ResolveRequiredComponents (7ms)
	FinalizeReload (1809ms)
		ReleaseScriptCaches (0ms)
		RebuildScriptCaches (0ms)
		SetupLoadedEditorAssemblies (746ms)
			LogAssemblyErrors (0ms)
			InitializePlatformSupportModulesInManaged (9ms)
			SetLoadedEditorAssemblies (5ms)
			RefreshPlugins (0ms)
			BeforeProcessingInitializeOnLoad (95ms)
			ProcessInitializeOnLoadAttributes (602ms)
			ProcessInitializeOnLoadMethodAttributes (20ms)
			AfterProcessingInitializeOnLoad (15ms)
			EditorAssembliesLoaded (0ms)
		ExecutionOrderSort2 (0ms)
		AwakeInstancesAfterBackupRestoration (14ms)
Refreshing native plugins compatible for Editor in 25.73 ms, found 3 plugins.
Preloading 0 native plugins for Editor in 0.00 ms.
Unloading 3765 Unused Serialized files (Serialized files now loaded: 0)
Unloading 22 unused Assets / (31.0 KB). Loaded Objects now: 4385.
Memory consumption went from 150.5 MB to 150.4 MB.
Total: 6.673000 ms (FindLiveObjects: 0.580300 ms CreateObjectMapping: 0.189800 ms MarkObjects: 5.771600 ms  DeleteObjects: 0.128800 ms)

Prepare: number of updated asset objects reloaded= 0
AssetImportParameters requested are different than current active one (requested -> active):
  custom:scripting/monoscript/fileName/PlacementSystem.cs: 78738c21ef929cd09aff0e665ab4ee7d -> 4cfa27418f5d43cf7ed2e701bccac87d
  custom:container-demuxer-ogg: 62fdf1f143b41e24485cea50d1cbac27 -> 
  custom:video-decoder-ogg-theora: a1e56fd34408186e4bbccfd4996cb3dc -> 
  custom:framework-win-MediaFoundation: 216162199b28c13a410421893ffa2e32 -> 
  custom:scripting/monoscript/fileName/PreviewSystem.cs: 9446530e98c33c50feb97677bca8eeb8 -> 70da7d96942db19a4f2a9ba0707462ec
  custom:scripting/monoscript/fileName/RemovingState.cs: 8605b3795c76a38617298524e84e24d4 -> cc1a73acfa6a34f2249cc45506eeb252
  custom:scripting/monoscript/fileName/Constructable.cs: 06ee9b49f644b70a54c0b41034c995e5 -> f479f28d32fdb19e45e4adee4f5924d9
  custom:scripting/monoscript/fileName/InputManager.cs: 0518ac54db6a6320905109eb6dec4a75 -> d93f6a1b1c0c117f420779e72340a718
  custom:CustomObjectIndexerAttribute: 756ad292c208cfabdd7b50bc23989ffe -> 
  custom:scripting/monoscript/fileName/UIManager.cs: 57724e77908c1fb25747e98c23366ff8 -> 2595dc2cbd41cc2d023a3ebb28d87e9e
  custom:container-demuxer-webm: 4f35f7cbe854078d1ac9338744f61a02 -> 
  custom:scripting/monoscript/fileName/ObjectPlacer.cs: 3ac74b2dd3d87506c4efaf6bd5dd49d4 -> faedd1dbc4339b49f1b2e99b4939abf9
  custom:container-muxer-webm: aa71ff27fc2769a1b78a27578f13a17b -> 
  custom:video-decoder-webm-vp8: 9c59270c3fd7afecdb556c50c9e8de78 -> 
  custom:SearchIndexIgnoredProperties: e643bd26f0fe6173181afceb89e7c659 -> 
  custom:AudioImporter_EditorPlatform: d09bf68614088b80899f8185d706f6e7 -> 
  custom:scripting/monoscript/fileName/ObjectsDatabseSO.cs: 2afa2e5691998fd2bc5181dd3a840eb3 -> 71ccc2bf9bca6f0dcc804d3ffc4c2bd8
  custom:video-encoder-webm-vp8: eb34c28f22e8b96e1ab97ce403110664 -> 
  custom:audio-decoder-ogg-vorbis: bf7c407c2cedff20999df2af8eb42d56 -> 
  custom:scripting/monoscript/fileName/IBuildingState.cs: 09c0a3f8d39063dce0920cf3356960cd -> 32400a3ed35b86ce99c3db8f9947b6b9
  custom:audio-encoder-webm-vorbis: bf7c407c2cedff20999df2af8eb42d56 -> 
  custom:scripting/monoscript/fileName/PlacementState.cs: 1bbc5f42e6bc4951e512085ce0917d01 -> 96997402e452df4d895c0ceae1c070c6
  custom:scripting/monoscript/fileName/GridData.cs: 2c21a4a303a21ab1f57293e521468a73 -> 5a181b89a6d813b204be6b5de3e080b4
========================================================================
Received Prepare
Begin MonoManager ReloadAssembly
- Loaded All Assemblies, in  0.629 seconds
Refreshing native plugins compatible for Editor in 7.31 ms, found 3 plugins.
Native extension for WindowsStandalone target not found
Mono: successfully reloaded assembly
- Finished resetting the current domain, in  1.953 seconds
Domain Reload Profiling: 2575ms
	BeginReloadAssembly (208ms)
		ExecutionOrderSort (0ms)
		DisableScriptedObjects (6ms)
		BackupInstance (0ms)
		ReleaseScriptingObjects (0ms)
		CreateAndSetChildDomain (47ms)
	RebuildCommonClasses (47ms)
	RebuildNativeTypeToScriptingClass (14ms)
	initialDomainReloadingComplete (44ms)
	LoadAllAssembliesAndSetupDomain (307ms)
		LoadAssemblies (405ms)
		RebuildTransferFunctionScriptingTraits (0ms)
		AnalyzeDomain (16ms)
			TypeCache.Refresh (6ms)
				TypeCache.ScanAssembly (0ms)
			ScanForSourceGeneratedMonoScriptInfo (0ms)
			ResolveRequiredComponents (7ms)
	FinalizeReload (1954ms)
		ReleaseScriptCaches (0ms)
		RebuildScriptCaches (0ms)
		SetupLoadedEditorAssemblies (1083ms)
			LogAssemblyErrors (0ms)
			InitializePlatformSupportModulesInManaged (25ms)
			SetLoadedEditorAssemblies (114ms)
			RefreshPlugins (0ms)
			BeforeProcessingInitializeOnLoad (211ms)
			ProcessInitializeOnLoadAttributes (688ms)
			ProcessInitializeOnLoadMethodAttributes (28ms)
			AfterProcessingInitializeOnLoad (17ms)
			EditorAssembliesLoaded (0ms)
		ExecutionOrderSort2 (0ms)
		AwakeInstancesAfterBackupRestoration (17ms)
Refreshing native plugins compatible for Editor in 6.39 ms, found 3 plugins.
Preloading 0 native plugins for Editor in 0.00 ms.
Unloading 3765 Unused Serialized files (Serialized files now loaded: 0)
Unloading 22 unused Assets / (31.1 KB). Loaded Objects now: 4389.
Memory consumption went from 150.5 MB to 150.5 MB.
Total: 5.978400 ms (FindLiveObjects: 0.730700 ms CreateObjectMapping: 0.366600 ms MarkObjects: 4.814200 ms  DeleteObjects: 0.064700 ms)

Prepare: number of updated asset objects reloaded= 0
AssetImportParameters requested are different than current active one (requested -> active):
  custom:scripting/monoscript/fileName/PlacementSystem.cs: 78738c21ef929cd09aff0e665ab4ee7d -> 4cfa27418f5d43cf7ed2e701bccac87d
  custom:container-demuxer-ogg: 62fdf1f143b41e24485cea50d1cbac27 -> 
  custom:video-decoder-ogg-theora: a1e56fd34408186e4bbccfd4996cb3dc -> 
  custom:framework-win-MediaFoundation: 216162199b28c13a410421893ffa2e32 -> 
  custom:scripting/monoscript/fileName/PreviewSystem.cs: 9446530e98c33c50feb97677bca8eeb8 -> 70da7d96942db19a4f2a9ba0707462ec
  custom:scripting/monoscript/fileName/RemovingState.cs: 8605b3795c76a38617298524e84e24d4 -> cc1a73acfa6a34f2249cc45506eeb252
  custom:scripting/monoscript/fileName/Constructable.cs: 06ee9b49f644b70a54c0b41034c995e5 -> f479f28d32fdb19e45e4adee4f5924d9
  custom:scripting/monoscript/fileName/InputManager.cs: 0518ac54db6a6320905109eb6dec4a75 -> d93f6a1b1c0c117f420779e72340a718
  custom:CustomObjectIndexerAttribute: 756ad292c208cfabdd7b50bc23989ffe -> 
  custom:scripting/monoscript/fileName/UIManager.cs: 57724e77908c1fb25747e98c23366ff8 -> 2595dc2cbd41cc2d023a3ebb28d87e9e
  custom:container-demuxer-webm: 4f35f7cbe854078d1ac9338744f61a02 -> 
  custom:scripting/monoscript/fileName/ObjectPlacer.cs: 3ac74b2dd3d87506c4efaf6bd5dd49d4 -> faedd1dbc4339b49f1b2e99b4939abf9
  custom:container-muxer-webm: aa71ff27fc2769a1b78a27578f13a17b -> 
  custom:video-decoder-webm-vp8: 9c59270c3fd7afecdb556c50c9e8de78 -> 
  custom:SearchIndexIgnoredProperties: e643bd26f0fe6173181afceb89e7c659 -> 
  custom:AudioImporter_EditorPlatform: d09bf68614088b80899f8185d706f6e7 -> 
  custom:scripting/monoscript/fileName/ObjectsDatabseSO.cs: 2afa2e5691998fd2bc5181dd3a840eb3 -> 71ccc2bf9bca6f0dcc804d3ffc4c2bd8
  custom:video-encoder-webm-vp8: eb34c28f22e8b96e1ab97ce403110664 -> 
  custom:audio-decoder-ogg-vorbis: bf7c407c2cedff20999df2af8eb42d56 -> 
  custom:scripting/monoscript/fileName/IBuildingState.cs: 09c0a3f8d39063dce0920cf3356960cd -> 32400a3ed35b86ce99c3db8f9947b6b9
  custom:audio-encoder-webm-vorbis: bf7c407c2cedff20999df2af8eb42d56 -> 
  custom:scripting/monoscript/fileName/PlacementState.cs: 1bbc5f42e6bc4951e512085ce0917d01 -> 96997402e452df4d895c0ceae1c070c6
  custom:scripting/monoscript/fileName/GridData.cs: 2c21a4a303a21ab1f57293e521468a73 -> 5a181b89a6d813b204be6b5de3e080b4
========================================================================
Received Prepare
Begin MonoManager ReloadAssembly
- Loaded All Assemblies, in  0.751 seconds
Refreshing native plugins compatible for Editor in 6.14 ms, found 3 plugins.
Native extension for WindowsStandalone target not found
Mono: successfully reloaded assembly
- Finished resetting the current domain, in  1.623 seconds
Domain Reload Profiling: 2368ms
	BeginReloadAssembly (307ms)
		ExecutionOrderSort (0ms)
		DisableScriptedObjects (6ms)
		BackupInstance (0ms)
		ReleaseScriptingObjects (0ms)
		CreateAndSetChildDomain (61ms)
	RebuildCommonClasses (47ms)
	RebuildNativeTypeToScriptingClass (18ms)
	initialDomainReloadingComplete (43ms)
	LoadAllAssembliesAndSetupDomain (329ms)
		LoadAssemblies (489ms)
		RebuildTransferFunctionScriptingTraits (0ms)
		AnalyzeDomain (33ms)
			TypeCache.Refresh (11ms)
				TypeCache.ScanAssembly (1ms)
			ScanForSourceGeneratedMonoScriptInfo (14ms)
			ResolveRequiredComponents (6ms)
	FinalizeReload (1623ms)
		ReleaseScriptCaches (0ms)
		RebuildScriptCaches (0ms)
		SetupLoadedEditorAssemblies (836ms)
			LogAssemblyErrors (0ms)
			InitializePlatformSupportModulesInManaged (20ms)
			SetLoadedEditorAssemblies (8ms)
			RefreshPlugins (0ms)
			BeforeProcessingInitializeOnLoad (180ms)
			ProcessInitializeOnLoadAttributes (591ms)
			ProcessInitializeOnLoadMethodAttributes (22ms)
			AfterProcessingInitializeOnLoad (15ms)
			EditorAssembliesLoaded (0ms)
		ExecutionOrderSort2 (0ms)
		AwakeInstancesAfterBackupRestoration (12ms)
Refreshing native plugins compatible for Editor in 5.87 ms, found 3 plugins.
Preloading 0 native plugins for Editor in 0.00 ms.
Unloading 3765 Unused Serialized files (Serialized files now loaded: 0)
Unloading 22 unused Assets / (31.1 KB). Loaded Objects now: 4393.
Memory consumption went from 150.5 MB to 150.5 MB.
Total: 4.183100 ms (FindLiveObjects: 0.439500 ms CreateObjectMapping: 0.101000 ms MarkObjects: 3.582000 ms  DeleteObjects: 0.058600 ms)

Prepare: number of updated asset objects reloaded= 0
AssetImportParameters requested are different than current active one (requested -> active):
  custom:scripting/monoscript/fileName/PlacementSystem.cs: 78738c21ef929cd09aff0e665ab4ee7d -> 4cfa27418f5d43cf7ed2e701bccac87d
  custom:container-demuxer-ogg: 62fdf1f143b41e24485cea50d1cbac27 -> 
  custom:video-decoder-ogg-theora: a1e56fd34408186e4bbccfd4996cb3dc -> 
  custom:framework-win-MediaFoundation: 216162199b28c13a410421893ffa2e32 -> 
  custom:scripting/monoscript/fileName/PreviewSystem.cs: 9446530e98c33c50feb97677bca8eeb8 -> 70da7d96942db19a4f2a9ba0707462ec
  custom:scripting/monoscript/fileName/RemovingState.cs: 8605b3795c76a38617298524e84e24d4 -> cc1a73acfa6a34f2249cc45506eeb252
  custom:scripting/monoscript/fileName/Constructable.cs: 06ee9b49f644b70a54c0b41034c995e5 -> f479f28d32fdb19e45e4adee4f5924d9
  custom:scripting/monoscript/fileName/InputManager.cs: 0518ac54db6a6320905109eb6dec4a75 -> d93f6a1b1c0c117f420779e72340a718
  custom:CustomObjectIndexerAttribute: 756ad292c208cfabdd7b50bc23989ffe -> 
  custom:scripting/monoscript/fileName/UIManager.cs: 57724e77908c1fb25747e98c23366ff8 -> 2595dc2cbd41cc2d023a3ebb28d87e9e
  custom:container-demuxer-webm: 4f35f7cbe854078d1ac9338744f61a02 -> 
  custom:scripting/monoscript/fileName/ObjectPlacer.cs: 3ac74b2dd3d87506c4efaf6bd5dd49d4 -> faedd1dbc4339b49f1b2e99b4939abf9
  custom:container-muxer-webm: aa71ff27fc2769a1b78a27578f13a17b -> 
  custom:video-decoder-webm-vp8: 9c59270c3fd7afecdb556c50c9e8de78 -> 
  custom:SearchIndexIgnoredProperties: e643bd26f0fe6173181afceb89e7c659 -> 
  custom:AudioImporter_EditorPlatform: d09bf68614088b80899f8185d706f6e7 -> 
  custom:scripting/monoscript/fileName/ObjectsDatabseSO.cs: 2afa2e5691998fd2bc5181dd3a840eb3 -> 71ccc2bf9bca6f0dcc804d3ffc4c2bd8
  custom:video-encoder-webm-vp8: eb34c28f22e8b96e1ab97ce403110664 -> 
  custom:audio-decoder-ogg-vorbis: bf7c407c2cedff20999df2af8eb42d56 -> 
  custom:scripting/monoscript/fileName/IBuildingState.cs: 09c0a3f8d39063dce0920cf3356960cd -> 32400a3ed35b86ce99c3db8f9947b6b9
  custom:audio-encoder-webm-vorbis: bf7c407c2cedff20999df2af8eb42d56 -> 
  custom:scripting/monoscript/fileName/PlacementState.cs: 1bbc5f42e6bc4951e512085ce0917d01 -> 96997402e452df4d895c0ceae1c070c6
  custom:scripting/monoscript/fileName/GridData.cs: 2c21a4a303a21ab1f57293e521468a73 -> 5a181b89a6d813b204be6b5de3e080b4
========================================================================
Received Import Request.
  Time since last request: 833.204141 seconds.
  path: Assets/Resources/Unit.prefab
  artifactKey: Guid(08461e7a6de56654a9417f6b6405c470) Importer(815301076,1909f56bfc062723c751e8b465ee728b)
Start importing Assets/Resources/Unit.prefab using Guid(08461e7a6de56654a9417f6b6405c470) Importer(815301076,1909f56bfc062723c751e8b465ee728b)  -> (artifact id: '9e0921e396aef68b83d12c476c222c09') in 0.250982 seconds
Number of updated asset objects reloaded before import = 0
Number of asset objects unloaded after import = 121
========================================================================
Received Import Request.
  Time since last request: 21.943489 seconds.
  path: Assets/Resources/Material/Yellow.mat
  artifactKey: Guid(74bca3f5db99e7248af0b0c8585ed231) Importer(815301076,1909f56bfc062723c751e8b465ee728b)
Start importing Assets/Resources/Material/Yellow.mat using Guid(74bca3f5db99e7248af0b0c8585ed231) Importer(815301076,1909f56bfc062723c751e8b465ee728b)  -> (artifact id: '62fa39dfad2baa7d063cae4b8dc35641') in 0.031582 seconds
Number of updated asset objects reloaded before import = 0
Number of asset objects unloaded after import = 1
========================================================================
Received Prepare
Begin MonoManager ReloadAssembly
- Loaded All Assemblies, in  0.639 seconds
Refreshing native plugins compatible for Editor in 5.68 ms, found 3 plugins.
Native extension for WindowsStandalone target not found
Mono: successfully reloaded assembly
- Finished resetting the current domain, in  1.640 seconds
Domain Reload Profiling: 2272ms
	BeginReloadAssembly (212ms)
		ExecutionOrderSort (0ms)
		DisableScriptedObjects (6ms)
		BackupInstance (0ms)
		ReleaseScriptingObjects (0ms)
		CreateAndSetChildDomain (44ms)
	RebuildCommonClasses (53ms)
	RebuildNativeTypeToScriptingClass (14ms)
	initialDomainReloadingComplete (46ms)
	LoadAllAssembliesAndSetupDomain (307ms)
		LoadAssemblies (411ms)
		RebuildTransferFunctionScriptingTraits (0ms)
		AnalyzeDomain (17ms)
			TypeCache.Refresh (8ms)
				TypeCache.ScanAssembly (0ms)
			ScanForSourceGeneratedMonoScriptInfo (0ms)
			ResolveRequiredComponents (7ms)
	FinalizeReload (1640ms)
		ReleaseScriptCaches (0ms)
		RebuildScriptCaches (0ms)
		SetupLoadedEditorAssemblies (828ms)
			LogAssemblyErrors (0ms)
			InitializePlatformSupportModulesInManaged (11ms)
			SetLoadedEditorAssemblies (6ms)
			RefreshPlugins (0ms)
			BeforeProcessingInitializeOnLoad (98ms)
			ProcessInitializeOnLoadAttributes (674ms)
			ProcessInitializeOnLoadMethodAttributes (24ms)
			AfterProcessingInitializeOnLoad (16ms)
			EditorAssembliesLoaded (0ms)
		ExecutionOrderSort2 (0ms)
		AwakeInstancesAfterBackupRestoration (13ms)
Refreshing native plugins compatible for Editor in 7.12 ms, found 3 plugins.
Preloading 0 native plugins for Editor in 0.00 ms.
Unloading 3764 Unused Serialized files (Serialized files now loaded: 0)
Unloading 27 unused Assets / (32.8 KB). Loaded Objects now: 4401.
Memory consumption went from 150.4 MB to 150.4 MB.
Total: 5.476000 ms (FindLiveObjects: 0.546600 ms CreateObjectMapping: 0.268300 ms MarkObjects: 4.500300 ms  DeleteObjects: 0.159100 ms)

Prepare: number of updated asset objects reloaded= 0
AssetImportParameters requested are different than current active one (requested -> active):
  custom:scripting/monoscript/fileName/PlacementSystem.cs: 78738c21ef929cd09aff0e665ab4ee7d -> 4cfa27418f5d43cf7ed2e701bccac87d
  custom:container-demuxer-ogg: 62fdf1f143b41e24485cea50d1cbac27 -> 
  custom:video-decoder-ogg-theora: a1e56fd34408186e4bbccfd4996cb3dc -> 
  custom:framework-win-MediaFoundation: 216162199b28c13a410421893ffa2e32 -> 
  custom:scripting/monoscript/fileName/PreviewSystem.cs: 9446530e98c33c50feb97677bca8eeb8 -> 70da7d96942db19a4f2a9ba0707462ec
  custom:scripting/monoscript/fileName/RemovingState.cs: 8605b3795c76a38617298524e84e24d4 -> cc1a73acfa6a34f2249cc45506eeb252
  custom:scripting/monoscript/fileName/Constructable.cs: 06ee9b49f644b70a54c0b41034c995e5 -> f479f28d32fdb19e45e4adee4f5924d9
  custom:scripting/monoscript/fileName/InputManager.cs: 0518ac54db6a6320905109eb6dec4a75 -> d93f6a1b1c0c117f420779e72340a718
  custom:CustomObjectIndexerAttribute: 756ad292c208cfabdd7b50bc23989ffe -> 
  custom:scripting/monoscript/fileName/UIManager.cs: 57724e77908c1fb25747e98c23366ff8 -> 2595dc2cbd41cc2d023a3ebb28d87e9e
  custom:container-demuxer-webm: 4f35f7cbe854078d1ac9338744f61a02 -> 
  custom:scripting/monoscript/fileName/ObjectPlacer.cs: 3ac74b2dd3d87506c4efaf6bd5dd49d4 -> faedd1dbc4339b49f1b2e99b4939abf9
  custom:container-muxer-webm: aa71ff27fc2769a1b78a27578f13a17b -> 
  custom:video-decoder-webm-vp8: 9c59270c3fd7afecdb556c50c9e8de78 -> 
  custom:SearchIndexIgnoredProperties: e643bd26f0fe6173181afceb89e7c659 -> 
  custom:AudioImporter_EditorPlatform: d09bf68614088b80899f8185d706f6e7 -> 
  custom:scripting/monoscript/fileName/ObjectsDatabseSO.cs: 2afa2e5691998fd2bc5181dd3a840eb3 -> 71ccc2bf9bca6f0dcc804d3ffc4c2bd8
  custom:video-encoder-webm-vp8: eb34c28f22e8b96e1ab97ce403110664 -> 
  custom:audio-decoder-ogg-vorbis: bf7c407c2cedff20999df2af8eb42d56 -> 
  custom:scripting/monoscript/fileName/IBuildingState.cs: 09c0a3f8d39063dce0920cf3356960cd -> 32400a3ed35b86ce99c3db8f9947b6b9
  custom:audio-encoder-webm-vorbis: bf7c407c2cedff20999df2af8eb42d56 -> 
  custom:scripting/monoscript/fileName/PlacementState.cs: 1bbc5f42e6bc4951e512085ce0917d01 -> 96997402e452df4d895c0ceae1c070c6
  custom:scripting/monoscript/fileName/GridData.cs: 2c21a4a303a21ab1f57293e521468a73 -> 5a181b89a6d813b204be6b5de3e080b4
========================================================================
Received Prepare
Begin MonoManager ReloadAssembly
- Loaded All Assemblies, in  0.607 seconds
Refreshing native plugins compatible for Editor in 6.46 ms, found 3 plugins.
Native extension for WindowsStandalone target not found
Mono: successfully reloaded assembly
- Finished resetting the current domain, in  1.737 seconds
Domain Reload Profiling: 2336ms
	BeginReloadAssembly (194ms)
		ExecutionOrderSort (0ms)
		DisableScriptedObjects (7ms)
		BackupInstance (0ms)
		ReleaseScriptingObjects (0ms)
		CreateAndSetChildDomain (39ms)
	RebuildCommonClasses (45ms)
	RebuildNativeTypeToScriptingClass (13ms)
	initialDomainReloadingComplete (43ms)
	LoadAllAssembliesAndSetupDomain (305ms)
		LoadAssemblies (395ms)
		RebuildTransferFunctionScriptingTraits (0ms)
		AnalyzeDomain (16ms)
			TypeCache.Refresh (7ms)
				TypeCache.ScanAssembly (0ms)
			ScanForSourceGeneratedMonoScriptInfo (0ms)
			ResolveRequiredComponents (7ms)
	FinalizeReload (1737ms)
		ReleaseScriptCaches (0ms)
		RebuildScriptCaches (0ms)
		SetupLoadedEditorAssemblies (804ms)
			LogAssemblyErrors (0ms)
			InitializePlatformSupportModulesInManaged (10ms)
			SetLoadedEditorAssemblies (7ms)
			RefreshPlugins (0ms)
			BeforeProcessingInitializeOnLoad (97ms)
			ProcessInitializeOnLoadAttributes (645ms)
			ProcessInitializeOnLoadMethodAttributes (27ms)
			AfterProcessingInitializeOnLoad (17ms)
			EditorAssembliesLoaded (0ms)
		ExecutionOrderSort2 (0ms)
		AwakeInstancesAfterBackupRestoration (14ms)
Refreshing native plugins compatible for Editor in 5.80 ms, found 3 plugins.
Preloading 0 native plugins for Editor in 0.00 ms.
Unloading 3764 Unused Serialized files (Serialized files now loaded: 0)
Unloading 21 unused Assets / (30.4 KB). Loaded Objects now: 4405.
Memory consumption went from 150.4 MB to 150.4 MB.
Total: 5.655400 ms (FindLiveObjects: 0.606400 ms CreateObjectMapping: 0.113100 ms MarkObjects: 4.856800 ms  DeleteObjects: 0.076600 ms)

Prepare: number of updated asset objects reloaded= 0
AssetImportParameters requested are different than current active one (requested -> active):
  custom:scripting/monoscript/fileName/PlacementSystem.cs: 78738c21ef929cd09aff0e665ab4ee7d -> 4cfa27418f5d43cf7ed2e701bccac87d
  custom:container-demuxer-ogg: 62fdf1f143b41e24485cea50d1cbac27 -> 
  custom:video-decoder-ogg-theora: a1e56fd34408186e4bbccfd4996cb3dc -> 
  custom:framework-win-MediaFoundation: 216162199b28c13a410421893ffa2e32 -> 
  custom:scripting/monoscript/fileName/PreviewSystem.cs: 9446530e98c33c50feb97677bca8eeb8 -> 70da7d96942db19a4f2a9ba0707462ec
  custom:scripting/monoscript/fileName/RemovingState.cs: 8605b3795c76a38617298524e84e24d4 -> cc1a73acfa6a34f2249cc45506eeb252
  custom:scripting/monoscript/fileName/Constructable.cs: 06ee9b49f644b70a54c0b41034c995e5 -> f479f28d32fdb19e45e4adee4f5924d9
  custom:scripting/monoscript/fileName/InputManager.cs: 0518ac54db6a6320905109eb6dec4a75 -> d93f6a1b1c0c117f420779e72340a718
  custom:CustomObjectIndexerAttribute: 756ad292c208cfabdd7b50bc23989ffe -> 
  custom:scripting/monoscript/fileName/UIManager.cs: 57724e77908c1fb25747e98c23366ff8 -> 2595dc2cbd41cc2d023a3ebb28d87e9e
  custom:container-demuxer-webm: 4f35f7cbe854078d1ac9338744f61a02 -> 
  custom:scripting/monoscript/fileName/ObjectPlacer.cs: 3ac74b2dd3d87506c4efaf6bd5dd49d4 -> faedd1dbc4339b49f1b2e99b4939abf9
  custom:container-muxer-webm: aa71ff27fc2769a1b78a27578f13a17b -> 
  custom:video-decoder-webm-vp8: 9c59270c3fd7afecdb556c50c9e8de78 -> 
  custom:SearchIndexIgnoredProperties: e643bd26f0fe6173181afceb89e7c659 -> 
  custom:AudioImporter_EditorPlatform: d09bf68614088b80899f8185d706f6e7 -> 
  custom:scripting/monoscript/fileName/ObjectsDatabseSO.cs: 2afa2e5691998fd2bc5181dd3a840eb3 -> 71ccc2bf9bca6f0dcc804d3ffc4c2bd8
  custom:video-encoder-webm-vp8: eb34c28f22e8b96e1ab97ce403110664 -> 
  custom:audio-decoder-ogg-vorbis: bf7c407c2cedff20999df2af8eb42d56 -> 
  custom:scripting/monoscript/fileName/IBuildingState.cs: 09c0a3f8d39063dce0920cf3356960cd -> 32400a3ed35b86ce99c3db8f9947b6b9
  custom:audio-encoder-webm-vorbis: bf7c407c2cedff20999df2af8eb42d56 -> 
  custom:scripting/monoscript/fileName/PlacementState.cs: 1bbc5f42e6bc4951e512085ce0917d01 -> 96997402e452df4d895c0ceae1c070c6
  custom:scripting/monoscript/fileName/GridData.cs: 2c21a4a303a21ab1f57293e521468a73 -> 5a181b89a6d813b204be6b5de3e080b4
========================================================================
Received Prepare
Begin MonoManager ReloadAssembly
- Loaded All Assemblies, in  0.738 seconds
Refreshing native plugins compatible for Editor in 6.53 ms, found 3 plugins.
Native extension for WindowsStandalone target not found
Mono: successfully reloaded assembly
- Finished resetting the current domain, in  1.783 seconds
Domain Reload Profiling: 2515ms
	BeginReloadAssembly (237ms)
		ExecutionOrderSort (0ms)
		DisableScriptedObjects (7ms)
		BackupInstance (0ms)
		ReleaseScriptingObjects (0ms)
		CreateAndSetChildDomain (55ms)
	RebuildCommonClasses (44ms)
	RebuildNativeTypeToScriptingClass (16ms)
	initialDomainReloadingComplete (45ms)
	LoadAllAssembliesAndSetupDomain (390ms)
		LoadAssemblies (498ms)
		RebuildTransferFunctionScriptingTraits (0ms)
		AnalyzeDomain (19ms)
			TypeCache.Refresh (8ms)
				TypeCache.ScanAssembly (0ms)
			ScanForSourceGeneratedMonoScriptInfo (0ms)
			ResolveRequiredComponents (8ms)
	FinalizeReload (1783ms)
		ReleaseScriptCaches (0ms)
		RebuildScriptCaches (0ms)
		SetupLoadedEditorAssemblies (826ms)
			LogAssemblyErrors (0ms)
			InitializePlatformSupportModulesInManaged (12ms)
			SetLoadedEditorAssemblies (6ms)
			RefreshPlugins (0ms)
			BeforeProcessingInitializeOnLoad (97ms)
			ProcessInitializeOnLoadAttributes (666ms)
			ProcessInitializeOnLoadMethodAttributes (27ms)
			AfterProcessingInitializeOnLoad (17ms)
			EditorAssembliesLoaded (0ms)
		ExecutionOrderSort2 (0ms)
		AwakeInstancesAfterBackupRestoration (15ms)
Refreshing native plugins compatible for Editor in 7.32 ms, found 3 plugins.
Preloading 0 native plugins for Editor in 0.00 ms.
Unloading 3764 Unused Serialized files (Serialized files now loaded: 0)
Unloading 21 unused Assets / (30.4 KB). Loaded Objects now: 4409.
Memory consumption went from 150.4 MB to 150.4 MB.
Total: 6.932500 ms (FindLiveObjects: 0.699900 ms CreateObjectMapping: 0.194400 ms MarkObjects: 5.954000 ms  DeleteObjects: 0.082400 ms)

Prepare: number of updated asset objects reloaded= 0
AssetImportParameters requested are different than current active one (requested -> active):
  custom:scripting/monoscript/fileName/PlacementSystem.cs: 78738c21ef929cd09aff0e665ab4ee7d -> 4cfa27418f5d43cf7ed2e701bccac87d
  custom:container-demuxer-ogg: 62fdf1f143b41e24485cea50d1cbac27 -> 
  custom:video-decoder-ogg-theora: a1e56fd34408186e4bbccfd4996cb3dc -> 
  custom:framework-win-MediaFoundation: 216162199b28c13a410421893ffa2e32 -> 
  custom:scripting/monoscript/fileName/PreviewSystem.cs: 9446530e98c33c50feb97677bca8eeb8 -> 70da7d96942db19a4f2a9ba0707462ec
  custom:scripting/monoscript/fileName/RemovingState.cs: 8605b3795c76a38617298524e84e24d4 -> cc1a73acfa6a34f2249cc45506eeb252
  custom:scripting/monoscript/fileName/Constructable.cs: 06ee9b49f644b70a54c0b41034c995e5 -> f479f28d32fdb19e45e4adee4f5924d9
  custom:scripting/monoscript/fileName/InputManager.cs: 0518ac54db6a6320905109eb6dec4a75 -> d93f6a1b1c0c117f420779e72340a718
  custom:CustomObjectIndexerAttribute: 756ad292c208cfabdd7b50bc23989ffe -> 
  custom:scripting/monoscript/fileName/UIManager.cs: 57724e77908c1fb25747e98c23366ff8 -> 2595dc2cbd41cc2d023a3ebb28d87e9e
  custom:container-demuxer-webm: 4f35f7cbe854078d1ac9338744f61a02 -> 
  custom:scripting/monoscript/fileName/ObjectPlacer.cs: 3ac74b2dd3d87506c4efaf6bd5dd49d4 -> faedd1dbc4339b49f1b2e99b4939abf9
  custom:container-muxer-webm: aa71ff27fc2769a1b78a27578f13a17b -> 
  custom:video-decoder-webm-vp8: 9c59270c3fd7afecdb556c50c9e8de78 -> 
  custom:SearchIndexIgnoredProperties: e643bd26f0fe6173181afceb89e7c659 -> 
  custom:AudioImporter_EditorPlatform: d09bf68614088b80899f8185d706f6e7 -> 
  custom:scripting/monoscript/fileName/ObjectsDatabseSO.cs: 2afa2e5691998fd2bc5181dd3a840eb3 -> 71ccc2bf9bca6f0dcc804d3ffc4c2bd8
  custom:video-encoder-webm-vp8: eb34c28f22e8b96e1ab97ce403110664 -> 
  custom:audio-decoder-ogg-vorbis: bf7c407c2cedff20999df2af8eb42d56 -> 
  custom:scripting/monoscript/fileName/IBuildingState.cs: 09c0a3f8d39063dce0920cf3356960cd -> 32400a3ed35b86ce99c3db8f9947b6b9
  custom:audio-encoder-webm-vorbis: bf7c407c2cedff20999df2af8eb42d56 -> 
  custom:scripting/monoscript/fileName/PlacementState.cs: 1bbc5f42e6bc4951e512085ce0917d01 -> 96997402e452df4d895c0ceae1c070c6
  custom:scripting/monoscript/fileName/GridData.cs: 2c21a4a303a21ab1f57293e521468a73 -> 5a181b89a6d813b204be6b5de3e080b4
========================================================================
Received Import Request.
  Time since last request: 8754.517021 seconds.
  path: Assets/Materials/UI/GreenEmissionHP.mat
  artifactKey: Guid(b6792c775e4a2db41be35dca149451ad) Importer(815301076,1909f56bfc062723c751e8b465ee728b)
Start importing Assets/Materials/UI/GreenEmissionHP.mat using Guid(b6792c775e4a2db41be35dca149451ad) Importer(815301076,1909f56bfc062723c751e8b465ee728b)  -> (artifact id: '0efe9049a19c4003688398308b05ff64') in 0.216190 seconds
Number of updated asset objects reloaded before import = 0
Number of asset objects unloaded after import = 2
========================================================================
Received Import Request.
  Time since last request: 7.269313 seconds.
  path: Assets/TextMesh Pro/Documentation
  artifactKey: Guid(8e7e8f5a82a3a134e91c54efd2274ea9) Importer(815301076,1909f56bfc062723c751e8b465ee728b)
Start importing Assets/TextMesh Pro/Documentation using Guid(8e7e8f5a82a3a134e91c54efd2274ea9) Importer(815301076,1909f56bfc062723c751e8b465ee728b)  -> (artifact id: '1284b6d9112892823920c4a518038a02') in 0.000593 seconds
Number of updated asset objects reloaded before import = 0
Number of asset objects unloaded after import = 0
========================================================================
Received Import Request.
  Time since last request: 1.846122 seconds.
  path: Assets/TextMesh Pro/Examples & Extras
  artifactKey: Guid(ce51c8e33b734b4db6086586558c53a3) Importer(815301076,1909f56bfc062723c751e8b465ee728b)
Start importing Assets/TextMesh Pro/Examples & Extras using Guid(ce51c8e33b734b4db6086586558c53a3) Importer(815301076,1909f56bfc062723c751e8b465ee728b)  -> (artifact id: 'b5b59ce647324de142d2ae9f3d85a410') in 0.000584 seconds
Number of updated asset objects reloaded before import = 0
Number of asset objects unloaded after import = 0
========================================================================
Received Import Request.
  Time since last request: 1.221339 seconds.
  path: Assets/TextMesh Pro/Examples & Extras/Prefabs
  artifactKey: Guid(5bff2544887143f5807c7d5059d07f79) Importer(815301076,1909f56bfc062723c751e8b465ee728b)
Start importing Assets/TextMesh Pro/Examples & Extras/Prefabs using Guid(5bff2544887143f5807c7d5059d07f79) Importer(815301076,1909f56bfc062723c751e8b465ee728b)  -> (artifact id: '963c60e6ba0737002ffab506510e2dad') in 0.000687 seconds
Number of updated asset objects reloaded before import = 0
Number of asset objects unloaded after import = 0
========================================================================
Received Import Request.
  Time since last request: 0.086026 seconds.
  path: Assets/TextMesh Pro/Examples & Extras/Prefabs/Text Popup.prefab
  artifactKey: Guid(b06f0e6c1dfa4356ac918da1bb32c603) Importer(815301076,1909f56bfc062723c751e8b465ee728b)
Start importing Assets/TextMesh Pro/Examples & Extras/Prefabs/Text Popup.prefab using Guid(b06f0e6c1dfa4356ac918da1bb32c603) Importer(815301076,1909f56bfc062723c751e8b465ee728b)  -> (artifact id: '709f83b568e1b2f7d971cbdde409be91') in 0.067592 seconds
Number of updated asset objects reloaded before import = 0
Number of asset objects unloaded after import = 21
========================================================================
Received Import Request.
  Time since last request: 0.000022 seconds.
  path: Assets/TextMesh Pro/Examples & Extras/Prefabs/TextMeshPro - Prefab 2.prefab
  artifactKey: Guid(fdad9d952ae84cafb74c63f2e694d042) Importer(815301076,1909f56bfc062723c751e8b465ee728b)
Start importing Assets/TextMesh Pro/Examples & Extras/Prefabs/TextMeshPro - Prefab 2.prefab using Guid(fdad9d952ae84cafb74c63f2e694d042) Importer(815301076,1909f56bfc062723c751e8b465ee728b)  -> (artifact id: '098b7e4be4f652d75ebeafd086848b56') in 0.026206 seconds
Number of updated asset objects reloaded before import = 0
Number of asset objects unloaded after import = 16
========================================================================
Received Import Request.
  Time since last request: 5.712171 seconds.
  path: Assets/Resources/Unit.prefab
  artifactKey: Guid(08461e7a6de56654a9417f6b6405c470) Importer(815301076,1909f56bfc062723c751e8b465ee728b)
Start importing Assets/Resources/Unit.prefab using Guid(08461e7a6de56654a9417f6b6405c470) Importer(815301076,1909f56bfc062723c751e8b465ee728b)  -> (artifact id: '8fb44cda7ec7d6369d6724330cf782d4') in 0.068228 seconds
Number of updated asset objects reloaded before import = 0
Number of asset objects unloaded after import = 121
========================================================================
Received Import Request.
  Time since last request: 0.980269 seconds.
  path: Assets/Resources/Material/Yellow.mat
  artifactKey: Guid(74bca3f5db99e7248af0b0c8585ed231) Importer(815301076,1909f56bfc062723c751e8b465ee728b)
Start importing Assets/Resources/Material/Yellow.mat using Guid(74bca3f5db99e7248af0b0c8585ed231) Importer(815301076,1909f56bfc062723c751e8b465ee728b)  -> (artifact id: 'ae5b2fa5b5f5b3aebd2a4930fba7af2c') in 0.019274 seconds
Number of updated asset objects reloaded before import = 0
Number of asset objects unloaded after import = 1
========================================================================
Received Import Request.
  Time since last request: 68.151876 seconds.
  path: Assets/Materials/GroundMarker/SelectableCursor.prefab
  artifactKey: Guid(13849aad6b90fa6418ea2bc8fbf48c64) Importer(815301076,1909f56bfc062723c751e8b465ee728b)
Start importing Assets/Materials/GroundMarker/SelectableCursor.prefab using Guid(13849aad6b90fa6418ea2bc8fbf48c64) Importer(815301076,1909f56bfc062723c751e8b465ee728b)  -> (artifact id: '6a1cc7ff87dffd075f4d7084d1a4c1e8') in 0.040170 seconds
Number of updated asset objects reloaded before import = 0
Number of asset objects unloaded after import = 37
========================================================================
Received Import Request.
  Time since last request: 37.042693 seconds.
  path: Assets/Materials/GroundMarker/WalkableCursor.prefab
  artifactKey: Guid(c0d2071e0fef73640bb63015a993a13e) Importer(815301076,1909f56bfc062723c751e8b465ee728b)
Start importing Assets/Materials/GroundMarker/WalkableCursor.prefab using Guid(c0d2071e0fef73640bb63015a993a13e) Importer(815301076,1909f56bfc062723c751e8b465ee728b)  -> (artifact id: 'f6d8bd4e37b3f71422a303523c14895d') in 0.039858 seconds
Number of updated asset objects reloaded before import = 0
Number of asset objects unloaded after import = 29
========================================================================
Received Prepare
Begin MonoManager ReloadAssembly
- Loaded All Assemblies, in  0.604 seconds
Refreshing native plugins compatible for Editor in 6.77 ms, found 3 plugins.
Native extension for WindowsStandalone target not found
Mono: successfully reloaded assembly
- Finished resetting the current domain, in  1.481 seconds
Domain Reload Profiling: 2079ms
	BeginReloadAssembly (193ms)
		ExecutionOrderSort (0ms)
		DisableScriptedObjects (5ms)
		BackupInstance (0ms)
		ReleaseScriptingObjects (0ms)
		CreateAndSetChildDomain (40ms)
	RebuildCommonClasses (41ms)
	RebuildNativeTypeToScriptingClass (14ms)
	initialDomainReloadingComplete (40ms)
	LoadAllAssembliesAndSetupDomain (310ms)
		LoadAssemblies (379ms)
		RebuildTransferFunctionScriptingTraits (0ms)
		AnalyzeDomain (37ms)
			TypeCache.Refresh (12ms)
				TypeCache.ScanAssembly (1ms)
			ScanForSourceGeneratedMonoScriptInfo (14ms)
			ResolveRequiredComponents (9ms)
	FinalizeReload (1482ms)
		ReleaseScriptCaches (0ms)
		RebuildScriptCaches (0ms)
		SetupLoadedEditorAssemblies (750ms)
			LogAssemblyErrors (0ms)
			InitializePlatformSupportModulesInManaged (9ms)
			SetLoadedEditorAssemblies (5ms)
			RefreshPlugins (0ms)
			BeforeProcessingInitializeOnLoad (93ms)
			ProcessInitializeOnLoadAttributes (606ms)
			ProcessInitializeOnLoadMethodAttributes (21ms)
			AfterProcessingInitializeOnLoad (15ms)
			EditorAssembliesLoaded (1ms)
		ExecutionOrderSort2 (0ms)
		AwakeInstancesAfterBackupRestoration (16ms)
Refreshing native plugins compatible for Editor in 6.20 ms, found 3 plugins.
Preloading 0 native plugins for Editor in 0.00 ms.
Unloading 3764 Unused Serialized files (Serialized files now loaded: 0)
Unloading 27 unused Assets / (32.9 KB). Loaded Objects now: 4414.
Memory consumption went from 150.5 MB to 150.5 MB.
Total: 4.412200 ms (FindLiveObjects: 0.470000 ms CreateObjectMapping: 0.103400 ms MarkObjects: 3.707500 ms  DeleteObjects: 0.129900 ms)

Prepare: number of updated asset objects reloaded= 0
AssetImportParameters requested are different than current active one (requested -> active):
  custom:scripting/monoscript/fileName/PlacementSystem.cs: 78738c21ef929cd09aff0e665ab4ee7d -> 4cfa27418f5d43cf7ed2e701bccac87d
  custom:container-demuxer-ogg: 62fdf1f143b41e24485cea50d1cbac27 -> 
  custom:video-decoder-ogg-theora: a1e56fd34408186e4bbccfd4996cb3dc -> 
  custom:framework-win-MediaFoundation: 216162199b28c13a410421893ffa2e32 -> 
  custom:scripting/monoscript/fileName/PreviewSystem.cs: 9446530e98c33c50feb97677bca8eeb8 -> 70da7d96942db19a4f2a9ba0707462ec
  custom:scripting/monoscript/fileName/RemovingState.cs: 8605b3795c76a38617298524e84e24d4 -> cc1a73acfa6a34f2249cc45506eeb252
  custom:scripting/monoscript/fileName/Constructable.cs: 06ee9b49f644b70a54c0b41034c995e5 -> f479f28d32fdb19e45e4adee4f5924d9
  custom:scripting/monoscript/fileName/InputManager.cs: 0518ac54db6a6320905109eb6dec4a75 -> d93f6a1b1c0c117f420779e72340a718
  custom:CustomObjectIndexerAttribute: 756ad292c208cfabdd7b50bc23989ffe -> 
  custom:scripting/monoscript/fileName/UIManager.cs: 57724e77908c1fb25747e98c23366ff8 -> 2595dc2cbd41cc2d023a3ebb28d87e9e
  custom:container-demuxer-webm: 4f35f7cbe854078d1ac9338744f61a02 -> 
  custom:scripting/monoscript/fileName/ObjectPlacer.cs: 3ac74b2dd3d87506c4efaf6bd5dd49d4 -> faedd1dbc4339b49f1b2e99b4939abf9
  custom:container-muxer-webm: aa71ff27fc2769a1b78a27578f13a17b -> 
  custom:video-decoder-webm-vp8: 9c59270c3fd7afecdb556c50c9e8de78 -> 
  custom:SearchIndexIgnoredProperties: e643bd26f0fe6173181afceb89e7c659 -> 
  custom:AudioImporter_EditorPlatform: d09bf68614088b80899f8185d706f6e7 -> 
  custom:scripting/monoscript/fileName/ObjectsDatabseSO.cs: 2afa2e5691998fd2bc5181dd3a840eb3 -> 71ccc2bf9bca6f0dcc804d3ffc4c2bd8
  custom:video-encoder-webm-vp8: eb34c28f22e8b96e1ab97ce403110664 -> 
  custom:audio-decoder-ogg-vorbis: bf7c407c2cedff20999df2af8eb42d56 -> 
  custom:scripting/monoscript/fileName/IBuildingState.cs: 09c0a3f8d39063dce0920cf3356960cd -> 32400a3ed35b86ce99c3db8f9947b6b9
  custom:audio-encoder-webm-vorbis: bf7c407c2cedff20999df2af8eb42d56 -> 
  custom:scripting/monoscript/fileName/PlacementState.cs: 1bbc5f42e6bc4951e512085ce0917d01 -> 96997402e452df4d895c0ceae1c070c6
  custom:scripting/monoscript/fileName/GridData.cs: 2c21a4a303a21ab1f57293e521468a73 -> 5a181b89a6d813b204be6b5de3e080b4
========================================================================
Received Prepare
Begin MonoManager ReloadAssembly
- Loaded All Assemblies, in  0.601 seconds
Refreshing native plugins compatible for Editor in 5.91 ms, found 3 plugins.
Native extension for WindowsStandalone target not found
Mono: successfully reloaded assembly
- Finished resetting the current domain, in  1.537 seconds
Domain Reload Profiling: 2131ms
	BeginReloadAssembly (202ms)
		ExecutionOrderSort (0ms)
		DisableScriptedObjects (6ms)
		BackupInstance (0ms)
		ReleaseScriptingObjects (0ms)
		CreateAndSetChildDomain (45ms)
	RebuildCommonClasses (43ms)
	RebuildNativeTypeToScriptingClass (14ms)
	initialDomainReloadingComplete (45ms)
	LoadAllAssembliesAndSetupDomain (288ms)
		LoadAssemblies (380ms)
		RebuildTransferFunctionScriptingTraits (0ms)
		AnalyzeDomain (16ms)
			TypeCache.Refresh (7ms)
				TypeCache.ScanAssembly (0ms)
			ScanForSourceGeneratedMonoScriptInfo (0ms)
			ResolveRequiredComponents (7ms)
	FinalizeReload (1537ms)
		ReleaseScriptCaches (0ms)
		RebuildScriptCaches (0ms)
		SetupLoadedEditorAssemblies (768ms)
			LogAssemblyErrors (0ms)
			InitializePlatformSupportModulesInManaged (9ms)
			SetLoadedEditorAssemblies (5ms)
			RefreshPlugins (0ms)
			BeforeProcessingInitializeOnLoad (96ms)
			ProcessInitializeOnLoadAttributes (618ms)
			ProcessInitializeOnLoadMethodAttributes (23ms)
			AfterProcessingInitializeOnLoad (17ms)
			EditorAssembliesLoaded (0ms)
		ExecutionOrderSort2 (0ms)
		AwakeInstancesAfterBackupRestoration (14ms)
Refreshing native plugins compatible for Editor in 5.93 ms, found 3 plugins.
Preloading 0 native plugins for Editor in 0.00 ms.
Unloading 3764 Unused Serialized files (Serialized files now loaded: 0)
Unloading 21 unused Assets / (30.3 KB). Loaded Objects now: 4418.
Memory consumption went from 150.5 MB to 150.4 MB.
Total: 4.475500 ms (FindLiveObjects: 0.446700 ms CreateObjectMapping: 0.101900 ms MarkObjects: 3.870500 ms  DeleteObjects: 0.054900 ms)

Prepare: number of updated asset objects reloaded= 0
AssetImportParameters requested are different than current active one (requested -> active):
  custom:scripting/monoscript/fileName/PlacementSystem.cs: 78738c21ef929cd09aff0e665ab4ee7d -> 4cfa27418f5d43cf7ed2e701bccac87d
  custom:container-demuxer-ogg: 62fdf1f143b41e24485cea50d1cbac27 -> 
  custom:video-decoder-ogg-theora: a1e56fd34408186e4bbccfd4996cb3dc -> 
  custom:framework-win-MediaFoundation: 216162199b28c13a410421893ffa2e32 -> 
  custom:scripting/monoscript/fileName/PreviewSystem.cs: 9446530e98c33c50feb97677bca8eeb8 -> 70da7d96942db19a4f2a9ba0707462ec
  custom:scripting/monoscript/fileName/RemovingState.cs: 8605b3795c76a38617298524e84e24d4 -> cc1a73acfa6a34f2249cc45506eeb252
  custom:scripting/monoscript/fileName/Constructable.cs: 06ee9b49f644b70a54c0b41034c995e5 -> f479f28d32fdb19e45e4adee4f5924d9
  custom:scripting/monoscript/fileName/InputManager.cs: 0518ac54db6a6320905109eb6dec4a75 -> d93f6a1b1c0c117f420779e72340a718
  custom:CustomObjectIndexerAttribute: 756ad292c208cfabdd7b50bc23989ffe -> 
  custom:scripting/monoscript/fileName/UIManager.cs: 57724e77908c1fb25747e98c23366ff8 -> 2595dc2cbd41cc2d023a3ebb28d87e9e
  custom:container-demuxer-webm: 4f35f7cbe854078d1ac9338744f61a02 -> 
  custom:scripting/monoscript/fileName/ObjectPlacer.cs: 3ac74b2dd3d87506c4efaf6bd5dd49d4 -> faedd1dbc4339b49f1b2e99b4939abf9
  custom:container-muxer-webm: aa71ff27fc2769a1b78a27578f13a17b -> 
  custom:video-decoder-webm-vp8: 9c59270c3fd7afecdb556c50c9e8de78 -> 
  custom:SearchIndexIgnoredProperties: e643bd26f0fe6173181afceb89e7c659 -> 
  custom:AudioImporter_EditorPlatform: d09bf68614088b80899f8185d706f6e7 -> 
  custom:scripting/monoscript/fileName/ObjectsDatabseSO.cs: 2afa2e5691998fd2bc5181dd3a840eb3 -> 71ccc2bf9bca6f0dcc804d3ffc4c2bd8
  custom:video-encoder-webm-vp8: eb34c28f22e8b96e1ab97ce403110664 -> 
  custom:audio-decoder-ogg-vorbis: bf7c407c2cedff20999df2af8eb42d56 -> 
  custom:scripting/monoscript/fileName/IBuildingState.cs: 09c0a3f8d39063dce0920cf3356960cd -> 32400a3ed35b86ce99c3db8f9947b6b9
  custom:audio-encoder-webm-vorbis: bf7c407c2cedff20999df2af8eb42d56 -> 
  custom:scripting/monoscript/fileName/PlacementState.cs: 1bbc5f42e6bc4951e512085ce0917d01 -> 96997402e452df4d895c0ceae1c070c6
  custom:scripting/monoscript/fileName/GridData.cs: 2c21a4a303a21ab1f57293e521468a73 -> 5a181b89a6d813b204be6b5de3e080b4
========================================================================
Received Prepare
Begin MonoManager ReloadAssembly
- Loaded All Assemblies, in  0.596 seconds
Refreshing native plugins compatible for Editor in 6.03 ms, found 3 plugins.
Native extension for WindowsStandalone target not found
Mono: successfully reloaded assembly
- Finished resetting the current domain, in  1.656 seconds
Domain Reload Profiling: 2246ms
	BeginReloadAssembly (201ms)
		ExecutionOrderSort (0ms)
		DisableScriptedObjects (6ms)
		BackupInstance (0ms)
		ReleaseScriptingObjects (0ms)
		CreateAndSetChildDomain (39ms)
	RebuildCommonClasses (38ms)
	RebuildNativeTypeToScriptingClass (14ms)
	initialDomainReloadingComplete (42ms)
	LoadAllAssembliesAndSetupDomain (294ms)
		LoadAssemblies (392ms)
		RebuildTransferFunctionScriptingTraits (0ms)
		AnalyzeDomain (14ms)
			TypeCache.Refresh (6ms)
				TypeCache.ScanAssembly (0ms)
			ScanForSourceGeneratedMonoScriptInfo (0ms)
			ResolveRequiredComponents (6ms)
	FinalizeReload (1656ms)
		ReleaseScriptCaches (0ms)
		RebuildScriptCaches (0ms)
		SetupLoadedEditorAssemblies (772ms)
			LogAssemblyErrors (0ms)
			InitializePlatformSupportModulesInManaged (10ms)
			SetLoadedEditorAssemblies (6ms)
			RefreshPlugins (0ms)
			BeforeProcessingInitializeOnLoad (95ms)
			ProcessInitializeOnLoadAttributes (620ms)
			ProcessInitializeOnLoadMethodAttributes (24ms)
			AfterProcessingInitializeOnLoad (17ms)
			EditorAssembliesLoaded (0ms)
		ExecutionOrderSort2 (0ms)
		AwakeInstancesAfterBackupRestoration (14ms)
Refreshing native plugins compatible for Editor in 6.94 ms, found 3 plugins.
Preloading 0 native plugins for Editor in 0.00 ms.
Unloading 3764 Unused Serialized files (Serialized files now loaded: 0)
Unloading 21 unused Assets / (30.5 KB). Loaded Objects now: 4422.
Memory consumption went from 150.5 MB to 150.4 MB.
Total: 6.474800 ms (FindLiveObjects: 0.428500 ms CreateObjectMapping: 0.102500 ms MarkObjects: 5.810900 ms  DeleteObjects: 0.130800 ms)

Prepare: number of updated asset objects reloaded= 0
AssetImportParameters requested are different than current active one (requested -> active):
  custom:scripting/monoscript/fileName/PlacementSystem.cs: 78738c21ef929cd09aff0e665ab4ee7d -> 4cfa27418f5d43cf7ed2e701bccac87d
  custom:container-demuxer-ogg: 62fdf1f143b41e24485cea50d1cbac27 -> 
  custom:video-decoder-ogg-theora: a1e56fd34408186e4bbccfd4996cb3dc -> 
  custom:framework-win-MediaFoundation: 216162199b28c13a410421893ffa2e32 -> 
  custom:scripting/monoscript/fileName/PreviewSystem.cs: 9446530e98c33c50feb97677bca8eeb8 -> 70da7d96942db19a4f2a9ba0707462ec
  custom:scripting/monoscript/fileName/RemovingState.cs: 8605b3795c76a38617298524e84e24d4 -> cc1a73acfa6a34f2249cc45506eeb252
  custom:scripting/monoscript/fileName/Constructable.cs: 06ee9b49f644b70a54c0b41034c995e5 -> f479f28d32fdb19e45e4adee4f5924d9
  custom:scripting/monoscript/fileName/InputManager.cs: 0518ac54db6a6320905109eb6dec4a75 -> d93f6a1b1c0c117f420779e72340a718
  custom:CustomObjectIndexerAttribute: 756ad292c208cfabdd7b50bc23989ffe -> 
  custom:scripting/monoscript/fileName/UIManager.cs: 57724e77908c1fb25747e98c23366ff8 -> 2595dc2cbd41cc2d023a3ebb28d87e9e
  custom:container-demuxer-webm: 4f35f7cbe854078d1ac9338744f61a02 -> 
  custom:scripting/monoscript/fileName/ObjectPlacer.cs: 3ac74b2dd3d87506c4efaf6bd5dd49d4 -> faedd1dbc4339b49f1b2e99b4939abf9
  custom:container-muxer-webm: aa71ff27fc2769a1b78a27578f13a17b -> 
  custom:video-decoder-webm-vp8: 9c59270c3fd7afecdb556c50c9e8de78 -> 
  custom:SearchIndexIgnoredProperties: e643bd26f0fe6173181afceb89e7c659 -> 
  custom:AudioImporter_EditorPlatform: d09bf68614088b80899f8185d706f6e7 -> 
  custom:scripting/monoscript/fileName/ObjectsDatabseSO.cs: 2afa2e5691998fd2bc5181dd3a840eb3 -> 71ccc2bf9bca6f0dcc804d3ffc4c2bd8
  custom:video-encoder-webm-vp8: eb34c28f22e8b96e1ab97ce403110664 -> 
  custom:audio-decoder-ogg-vorbis: bf7c407c2cedff20999df2af8eb42d56 -> 
  custom:scripting/monoscript/fileName/IBuildingState.cs: 09c0a3f8d39063dce0920cf3356960cd -> 32400a3ed35b86ce99c3db8f9947b6b9
  custom:audio-encoder-webm-vorbis: bf7c407c2cedff20999df2af8eb42d56 -> 
  custom:scripting/monoscript/fileName/PlacementState.cs: 1bbc5f42e6bc4951e512085ce0917d01 -> 96997402e452df4d895c0ceae1c070c6
  custom:scripting/monoscript/fileName/GridData.cs: 2c21a4a303a21ab1f57293e521468a73 -> 5a181b89a6d813b204be6b5de3e080b4
========================================================================
Received Import Request.
  Time since last request: 3069.903315 seconds.
  path: Assets/Stuff/Houses/House.prefab
  artifactKey: Guid(f509f0f2a9ea2e64a98d2497df900f98) Importer(815301076,1909f56bfc062723c751e8b465ee728b)
Start importing Assets/Stuff/Houses/House.prefab using Guid(f509f0f2a9ea2e64a98d2497df900f98) Importer(815301076,1909f56bfc062723c751e8b465ee728b)  -> (artifact id: 'c1c3f10d147098378e82cb43409b06d5') in 0.104648 seconds
Number of updated asset objects reloaded before import = 0
Number of asset objects unloaded after import = 11
========================================================================
Received Import Request.
  Time since last request: 170.952340 seconds.
  path: Assets/Stuff/Houses/GameAestheticVillageHouses/House Prefabs/House 1.prefab
  artifactKey: Guid(b2e3052e28775a74e9816c171636c59d) Importer(815301076,1909f56bfc062723c751e8b465ee728b)
Start importing Assets/Stuff/Houses/GameAestheticVillageHouses/House Prefabs/House 1.prefab using Guid(b2e3052e28775a74e9816c171636c59d) Importer(815301076,1909f56bfc062723c751e8b465ee728b)  -> (artifact id: '7114c8c1e37f03b2cf0f4e13240f19e4') in 0.073188 seconds
Number of updated asset objects reloaded before import = 0
Number of asset objects unloaded after import = 18
========================================================================
Received Prepare
Begin MonoManager ReloadAssembly
- Loaded All Assemblies, in  3.209 seconds
Refreshing native plugins compatible for Editor in 5.81 ms, found 3 plugins.
Native extension for WindowsStandalone target not found
Mono: successfully reloaded assembly
- Finished resetting the current domain, in 12.440 seconds
Domain Reload Profiling: 15639ms
	BeginReloadAssembly (292ms)
		ExecutionOrderSort (0ms)
		DisableScriptedObjects (6ms)
		BackupInstance (0ms)
		ReleaseScriptingObjects (0ms)
		CreateAndSetChildDomain (68ms)
	RebuildCommonClasses (53ms)
	RebuildNativeTypeToScriptingClass (16ms)
	initialDomainReloadingComplete (61ms)
	LoadAllAssembliesAndSetupDomain (2776ms)
		LoadAssemblies (2913ms)
		RebuildTransferFunctionScriptingTraits (0ms)
		AnalyzeDomain (32ms)
			TypeCache.Refresh (11ms)
				TypeCache.ScanAssembly (2ms)
			ScanForSourceGeneratedMonoScriptInfo (14ms)
			ResolveRequiredComponents (6ms)
	FinalizeReload (12441ms)
		ReleaseScriptCaches (0ms)
		RebuildScriptCaches (0ms)
		SetupLoadedEditorAssemblies (711ms)
			LogAssemblyErrors (0ms)
			InitializePlatformSupportModulesInManaged (9ms)
			SetLoadedEditorAssemblies (5ms)
			RefreshPlugins (0ms)
			BeforeProcessingInitializeOnLoad (90ms)
			ProcessInitializeOnLoadAttributes (570ms)
			ProcessInitializeOnLoadMethodAttributes (21ms)
			AfterProcessingInitializeOnLoad (15ms)
			EditorAssembliesLoaded (0ms)
		ExecutionOrderSort2 (0ms)
		AwakeInstancesAfterBackupRestoration (13ms)
Refreshing native plugins compatible for Editor in 6.22 ms, found 3 plugins.
Preloading 0 native plugins for Editor in 0.00 ms.
Unloading 3764 Unused Serialized files (Serialized files now loaded: 0)
Unloading 21 unused Assets / (30.4 KB). Loaded Objects now: 4426.
Memory consumption went from 150.5 MB to 150.4 MB.
Total: 5.236200 ms (FindLiveObjects: 0.433600 ms CreateObjectMapping: 0.107100 ms MarkObjects: 4.625100 ms  DeleteObjects: 0.069300 ms)

Prepare: number of updated asset objects reloaded= 0
AssetImportParameters requested are different than current active one (requested -> active):
  custom:scripting/monoscript/fileName/PlacementSystem.cs: 78738c21ef929cd09aff0e665ab4ee7d -> 4cfa27418f5d43cf7ed2e701bccac87d
  custom:container-demuxer-ogg: 62fdf1f143b41e24485cea50d1cbac27 -> 
  custom:video-decoder-ogg-theora: a1e56fd34408186e4bbccfd4996cb3dc -> 
  custom:framework-win-MediaFoundation: 216162199b28c13a410421893ffa2e32 -> 
  custom:scripting/monoscript/fileName/PreviewSystem.cs: 9446530e98c33c50feb97677bca8eeb8 -> 70da7d96942db19a4f2a9ba0707462ec
  custom:scripting/monoscript/fileName/RemovingState.cs: 8605b3795c76a38617298524e84e24d4 -> cc1a73acfa6a34f2249cc45506eeb252
  custom:scripting/monoscript/fileName/Constructable.cs: 06ee9b49f644b70a54c0b41034c995e5 -> f479f28d32fdb19e45e4adee4f5924d9
  custom:scripting/monoscript/fileName/InputManager.cs: 0518ac54db6a6320905109eb6dec4a75 -> d93f6a1b1c0c117f420779e72340a718
  custom:CustomObjectIndexerAttribute: 756ad292c208cfabdd7b50bc23989ffe -> 
  custom:scripting/monoscript/fileName/UIManager.cs: 57724e77908c1fb25747e98c23366ff8 -> 2595dc2cbd41cc2d023a3ebb28d87e9e
  custom:container-demuxer-webm: 4f35f7cbe854078d1ac9338744f61a02 -> 
  custom:scripting/monoscript/fileName/ObjectPlacer.cs: 3ac74b2dd3d87506c4efaf6bd5dd49d4 -> faedd1dbc4339b49f1b2e99b4939abf9
  custom:container-muxer-webm: aa71ff27fc2769a1b78a27578f13a17b -> 
  custom:video-decoder-webm-vp8: 9c59270c3fd7afecdb556c50c9e8de78 -> 
  custom:SearchIndexIgnoredProperties: e643bd26f0fe6173181afceb89e7c659 -> 
  custom:AudioImporter_EditorPlatform: d09bf68614088b80899f8185d706f6e7 -> 
  custom:scripting/monoscript/fileName/ObjectsDatabseSO.cs: 2afa2e5691998fd2bc5181dd3a840eb3 -> 71ccc2bf9bca6f0dcc804d3ffc4c2bd8
  custom:video-encoder-webm-vp8: eb34c28f22e8b96e1ab97ce403110664 -> 
  custom:audio-decoder-ogg-vorbis: bf7c407c2cedff20999df2af8eb42d56 -> 
  custom:scripting/monoscript/fileName/IBuildingState.cs: 09c0a3f8d39063dce0920cf3356960cd -> 32400a3ed35b86ce99c3db8f9947b6b9
  custom:audio-encoder-webm-vorbis: bf7c407c2cedff20999df2af8eb42d56 -> 
  custom:scripting/monoscript/fileName/PlacementState.cs: 1bbc5f42e6bc4951e512085ce0917d01 -> 96997402e452df4d895c0ceae1c070c6
  custom:scripting/monoscript/fileName/GridData.cs: 2c21a4a303a21ab1f57293e521468a73 -> 5a181b89a6d813b204be6b5de3e080b4
========================================================================
Received Prepare
Begin MonoManager ReloadAssembly
- Loaded All Assemblies, in  0.607 seconds
Refreshing native plugins compatible for Editor in 5.99 ms, found 3 plugins.
Native extension for WindowsStandalone target not found
Mono: successfully reloaded assembly
- Finished resetting the current domain, in  1.516 seconds
Domain Reload Profiling: 2118ms
	BeginReloadAssembly (212ms)
		ExecutionOrderSort (0ms)
		DisableScriptedObjects (6ms)
		BackupInstance (0ms)
		ReleaseScriptingObjects (0ms)
		CreateAndSetChildDomain (46ms)
	RebuildCommonClasses (42ms)
	RebuildNativeTypeToScriptingClass (13ms)
	initialDomainReloadingComplete (42ms)
	LoadAllAssembliesAndSetupDomain (292ms)
		LoadAssemblies (392ms)
		RebuildTransferFunctionScriptingTraits (0ms)
		AnalyzeDomain (16ms)
			TypeCache.Refresh (8ms)
				TypeCache.ScanAssembly (0ms)
			ScanForSourceGeneratedMonoScriptInfo (0ms)
			ResolveRequiredComponents (6ms)
	FinalizeReload (1517ms)
		ReleaseScriptCaches (0ms)
		RebuildScriptCaches (0ms)
		SetupLoadedEditorAssemblies (755ms)
			LogAssemblyErrors (0ms)
			InitializePlatformSupportModulesInManaged (10ms)
			SetLoadedEditorAssemblies (6ms)
			RefreshPlugins (0ms)
			BeforeProcessingInitializeOnLoad (97ms)
			ProcessInitializeOnLoadAttributes (604ms)
			ProcessInitializeOnLoadMethodAttributes (22ms)
			AfterProcessingInitializeOnLoad (17ms)
			EditorAssembliesLoaded (0ms)
		ExecutionOrderSort2 (0ms)
		AwakeInstancesAfterBackupRestoration (16ms)
Refreshing native plugins compatible for Editor in 5.83 ms, found 3 plugins.
Preloading 0 native plugins for Editor in 0.00 ms.
Unloading 3764 Unused Serialized files (Serialized files now loaded: 0)
Unloading 21 unused Assets / (30.5 KB). Loaded Objects now: 4430.
Memory consumption went from 150.5 MB to 150.5 MB.
Total: 5.245600 ms (FindLiveObjects: 0.467800 ms CreateObjectMapping: 0.101100 ms MarkObjects: 4.604500 ms  DeleteObjects: 0.071000 ms)

Prepare: number of updated asset objects reloaded= 0
AssetImportParameters requested are different than current active one (requested -> active):
  custom:scripting/monoscript/fileName/PlacementSystem.cs: 78738c21ef929cd09aff0e665ab4ee7d -> 4cfa27418f5d43cf7ed2e701bccac87d
  custom:container-demuxer-ogg: 62fdf1f143b41e24485cea50d1cbac27 -> 
  custom:video-decoder-ogg-theora: a1e56fd34408186e4bbccfd4996cb3dc -> 
  custom:framework-win-MediaFoundation: 216162199b28c13a410421893ffa2e32 -> 
  custom:scripting/monoscript/fileName/PreviewSystem.cs: 9446530e98c33c50feb97677bca8eeb8 -> 70da7d96942db19a4f2a9ba0707462ec
  custom:scripting/monoscript/fileName/RemovingState.cs: 8605b3795c76a38617298524e84e24d4 -> cc1a73acfa6a34f2249cc45506eeb252
  custom:scripting/monoscript/fileName/Constructable.cs: 06ee9b49f644b70a54c0b41034c995e5 -> f479f28d32fdb19e45e4adee4f5924d9
  custom:scripting/monoscript/fileName/InputManager.cs: 0518ac54db6a6320905109eb6dec4a75 -> d93f6a1b1c0c117f420779e72340a718
  custom:CustomObjectIndexerAttribute: 756ad292c208cfabdd7b50bc23989ffe -> 
  custom:scripting/monoscript/fileName/UIManager.cs: 57724e77908c1fb25747e98c23366ff8 -> 2595dc2cbd41cc2d023a3ebb28d87e9e
  custom:container-demuxer-webm: 4f35f7cbe854078d1ac9338744f61a02 -> 
  custom:scripting/monoscript/fileName/ObjectPlacer.cs: 3ac74b2dd3d87506c4efaf6bd5dd49d4 -> faedd1dbc4339b49f1b2e99b4939abf9
  custom:container-muxer-webm: aa71ff27fc2769a1b78a27578f13a17b -> 
  custom:video-decoder-webm-vp8: 9c59270c3fd7afecdb556c50c9e8de78 -> 
  custom:SearchIndexIgnoredProperties: e643bd26f0fe6173181afceb89e7c659 -> 
  custom:AudioImporter_EditorPlatform: d09bf68614088b80899f8185d706f6e7 -> 
  custom:scripting/monoscript/fileName/ObjectsDatabseSO.cs: 2afa2e5691998fd2bc5181dd3a840eb3 -> 71ccc2bf9bca6f0dcc804d3ffc4c2bd8
  custom:video-encoder-webm-vp8: eb34c28f22e8b96e1ab97ce403110664 -> 
  custom:audio-decoder-ogg-vorbis: bf7c407c2cedff20999df2af8eb42d56 -> 
  custom:scripting/monoscript/fileName/IBuildingState.cs: 09c0a3f8d39063dce0920cf3356960cd -> 32400a3ed35b86ce99c3db8f9947b6b9
  custom:audio-encoder-webm-vorbis: bf7c407c2cedff20999df2af8eb42d56 -> 
  custom:scripting/monoscript/fileName/PlacementState.cs: 1bbc5f42e6bc4951e512085ce0917d01 -> 96997402e452df4d895c0ceae1c070c6
  custom:scripting/monoscript/fileName/GridData.cs: 2c21a4a303a21ab1f57293e521468a73 -> 5a181b89a6d813b204be6b5de3e080b4
========================================================================
Received Import Request.
  Time since last request: 814.666776 seconds.
  path: Assets/Stuff/Houses/Database.asset
  artifactKey: Guid(2a9f8f39b476cf943bc7688007052eac) Importer(815301076,1909f56bfc062723c751e8b465ee728b)
Start importing Assets/Stuff/Houses/Database.asset using Guid(2a9f8f39b476cf943bc7688007052eac) Importer(815301076,1909f56bfc062723c751e8b465ee728b)  -> (artifact id: 'b3865be8363aafab55801e9d5e044fa0') in 1.797027 seconds
Number of updated asset objects reloaded before import = 0
Number of asset objects unloaded after import = 129
========================================================================
Received Prepare
Begin MonoManager ReloadAssembly
- Loaded All Assemblies, in  0.603 seconds
Refreshing native plugins compatible for Editor in 5.83 ms, found 3 plugins.
Native extension for WindowsStandalone target not found
Mono: successfully reloaded assembly
- Finished resetting the current domain, in  1.595 seconds
Domain Reload Profiling: 2192ms
	BeginReloadAssembly (199ms)
		ExecutionOrderSort (0ms)
		DisableScriptedObjects (6ms)
		BackupInstance (0ms)
		ReleaseScriptingObjects (0ms)
		CreateAndSetChildDomain (41ms)
	RebuildCommonClasses (41ms)
	RebuildNativeTypeToScriptingClass (12ms)
	initialDomainReloadingComplete (46ms)
	LoadAllAssembliesAndSetupDomain (297ms)
		LoadAssemblies (392ms)
		RebuildTransferFunctionScriptingTraits (0ms)
		AnalyzeDomain (18ms)
			TypeCache.Refresh (8ms)
				TypeCache.ScanAssembly (0ms)
			ScanForSourceGeneratedMonoScriptInfo (0ms)
			ResolveRequiredComponents (8ms)
	FinalizeReload (1596ms)
		ReleaseScriptCaches (0ms)
		RebuildScriptCaches (0ms)
		SetupLoadedEditorAssemblies (811ms)
			LogAssemblyErrors (0ms)
			InitializePlatformSupportModulesInManaged (10ms)
			SetLoadedEditorAssemblies (7ms)
			RefreshPlugins (0ms)
			BeforeProcessingInitializeOnLoad (97ms)
			ProcessInitializeOnLoadAttributes (656ms)
			ProcessInitializeOnLoadMethodAttributes (26ms)
			AfterProcessingInitializeOnLoad (15ms)
			EditorAssembliesLoaded (0ms)
		ExecutionOrderSort2 (0ms)
		AwakeInstancesAfterBackupRestoration (13ms)
Refreshing native plugins compatible for Editor in 8.32 ms, found 3 plugins.
Preloading 0 native plugins for Editor in 0.00 ms.
Unloading 3764 Unused Serialized files (Serialized files now loaded: 0)
Unloading 21 unused Assets / (30.4 KB). Loaded Objects now: 4434.
Memory consumption went from 150.5 MB to 150.5 MB.
Total: 5.709300 ms (FindLiveObjects: 0.473900 ms CreateObjectMapping: 0.107600 ms MarkObjects: 5.060200 ms  DeleteObjects: 0.066000 ms)

Prepare: number of updated asset objects reloaded= 0
AssetImportParameters requested are different than current active one (requested -> active):
  custom:scripting/monoscript/fileName/PlacementSystem.cs: 78738c21ef929cd09aff0e665ab4ee7d -> 4cfa27418f5d43cf7ed2e701bccac87d
  custom:container-demuxer-ogg: 62fdf1f143b41e24485cea50d1cbac27 -> 
  custom:video-decoder-ogg-theora: a1e56fd34408186e4bbccfd4996cb3dc -> 
  custom:framework-win-MediaFoundation: 216162199b28c13a410421893ffa2e32 -> 
  custom:scripting/monoscript/fileName/PreviewSystem.cs: 9446530e98c33c50feb97677bca8eeb8 -> 70da7d96942db19a4f2a9ba0707462ec
  custom:scripting/monoscript/fileName/RemovingState.cs: 8605b3795c76a38617298524e84e24d4 -> cc1a73acfa6a34f2249cc45506eeb252
  custom:scripting/monoscript/fileName/Constructable.cs: 06ee9b49f644b70a54c0b41034c995e5 -> f479f28d32fdb19e45e4adee4f5924d9
  custom:scripting/monoscript/fileName/InputManager.cs: 0518ac54db6a6320905109eb6dec4a75 -> d93f6a1b1c0c117f420779e72340a718
  custom:CustomObjectIndexerAttribute: 756ad292c208cfabdd7b50bc23989ffe -> 
  custom:scripting/monoscript/fileName/UIManager.cs: 57724e77908c1fb25747e98c23366ff8 -> 2595dc2cbd41cc2d023a3ebb28d87e9e
  custom:container-demuxer-webm: 4f35f7cbe854078d1ac9338744f61a02 -> 
  custom:scripting/monoscript/fileName/ObjectPlacer.cs: 3ac74b2dd3d87506c4efaf6bd5dd49d4 -> faedd1dbc4339b49f1b2e99b4939abf9
  custom:container-muxer-webm: aa71ff27fc2769a1b78a27578f13a17b -> 
  custom:video-decoder-webm-vp8: 9c59270c3fd7afecdb556c50c9e8de78 -> 
  custom:SearchIndexIgnoredProperties: e643bd26f0fe6173181afceb89e7c659 -> 
  custom:AudioImporter_EditorPlatform: d09bf68614088b80899f8185d706f6e7 -> 
  custom:scripting/monoscript/fileName/ObjectsDatabseSO.cs: 2afa2e5691998fd2bc5181dd3a840eb3 -> 71ccc2bf9bca6f0dcc804d3ffc4c2bd8
  custom:video-encoder-webm-vp8: eb34c28f22e8b96e1ab97ce403110664 -> 
  custom:audio-decoder-ogg-vorbis: bf7c407c2cedff20999df2af8eb42d56 -> 
  custom:scripting/monoscript/fileName/IBuildingState.cs: 09c0a3f8d39063dce0920cf3356960cd -> 32400a3ed35b86ce99c3db8f9947b6b9
  custom:audio-encoder-webm-vorbis: bf7c407c2cedff20999df2af8eb42d56 -> 
  custom:scripting/monoscript/fileName/PlacementState.cs: 1bbc5f42e6bc4951e512085ce0917d01 -> 96997402e452df4d895c0ceae1c070c6
  custom:scripting/monoscript/fileName/GridData.cs: 2c21a4a303a21ab1f57293e521468a73 -> 5a181b89a6d813b204be6b5de3e080b4
========================================================================
Received Prepare
Begin MonoManager ReloadAssembly
- Loaded All Assemblies, in  0.592 seconds
Refreshing native plugins compatible for Editor in 5.45 ms, found 3 plugins.
Native extension for WindowsStandalone target not found
Mono: successfully reloaded assembly
- Finished resetting the current domain, in  1.573 seconds
Domain Reload Profiling: 2159ms
	BeginReloadAssembly (201ms)
		ExecutionOrderSort (0ms)
		DisableScriptedObjects (6ms)
		BackupInstance (0ms)
		ReleaseScriptingObjects (0ms)
		CreateAndSetChildDomain (41ms)
	RebuildCommonClasses (40ms)
	RebuildNativeTypeToScriptingClass (14ms)
	initialDomainReloadingComplete (41ms)
	LoadAllAssembliesAndSetupDomain (289ms)
		LoadAssemblies (381ms)
		RebuildTransferFunctionScriptingTraits (0ms)
		AnalyzeDomain (16ms)
			TypeCache.Refresh (7ms)
				TypeCache.ScanAssembly (0ms)
			ScanForSourceGeneratedMonoScriptInfo (0ms)
			ResolveRequiredComponents (6ms)
	FinalizeReload (1574ms)
		ReleaseScriptCaches (0ms)
		RebuildScriptCaches (0ms)
		SetupLoadedEditorAssemblies (820ms)
			LogAssemblyErrors (0ms)
			InitializePlatformSupportModulesInManaged (10ms)
			SetLoadedEditorAssemblies (6ms)
			RefreshPlugins (0ms)
			BeforeProcessingInitializeOnLoad (96ms)
			ProcessInitializeOnLoadAttributes (663ms)
			ProcessInitializeOnLoadMethodAttributes (28ms)
			AfterProcessingInitializeOnLoad (17ms)
			EditorAssembliesLoaded (0ms)
		ExecutionOrderSort2 (0ms)
		AwakeInstancesAfterBackupRestoration (13ms)
Refreshing native plugins compatible for Editor in 6.22 ms, found 3 plugins.
Preloading 0 native plugins for Editor in 0.00 ms.
Unloading 3764 Unused Serialized files (Serialized files now loaded: 0)
Unloading 21 unused Assets / (30.3 KB). Loaded Objects now: 4438.
Memory consumption went from 150.5 MB to 150.5 MB.
Total: 4.764300 ms (FindLiveObjects: 0.551100 ms CreateObjectMapping: 0.110700 ms MarkObjects: 4.039900 ms  DeleteObjects: 0.061200 ms)

Prepare: number of updated asset objects reloaded= 0
AssetImportParameters requested are different than current active one (requested -> active):
  custom:scripting/monoscript/fileName/PlacementSystem.cs: 78738c21ef929cd09aff0e665ab4ee7d -> 4cfa27418f5d43cf7ed2e701bccac87d
  custom:container-demuxer-ogg: 62fdf1f143b41e24485cea50d1cbac27 -> 
  custom:video-decoder-ogg-theora: a1e56fd34408186e4bbccfd4996cb3dc -> 
  custom:framework-win-MediaFoundation: 216162199b28c13a410421893ffa2e32 -> 
  custom:scripting/monoscript/fileName/PreviewSystem.cs: 9446530e98c33c50feb97677bca8eeb8 -> 70da7d96942db19a4f2a9ba0707462ec
  custom:scripting/monoscript/fileName/RemovingState.cs: 8605b3795c76a38617298524e84e24d4 -> cc1a73acfa6a34f2249cc45506eeb252
  custom:scripting/monoscript/fileName/Constructable.cs: 06ee9b49f644b70a54c0b41034c995e5 -> f479f28d32fdb19e45e4adee4f5924d9
  custom:scripting/monoscript/fileName/InputManager.cs: 0518ac54db6a6320905109eb6dec4a75 -> d93f6a1b1c0c117f420779e72340a718
  custom:CustomObjectIndexerAttribute: 756ad292c208cfabdd7b50bc23989ffe -> 
  custom:scripting/monoscript/fileName/UIManager.cs: 57724e77908c1fb25747e98c23366ff8 -> 2595dc2cbd41cc2d023a3ebb28d87e9e
  custom:container-demuxer-webm: 4f35f7cbe854078d1ac9338744f61a02 -> 
  custom:scripting/monoscript/fileName/ObjectPlacer.cs: 3ac74b2dd3d87506c4efaf6bd5dd49d4 -> faedd1dbc4339b49f1b2e99b4939abf9
  custom:container-muxer-webm: aa71ff27fc2769a1b78a27578f13a17b -> 
  custom:video-decoder-webm-vp8: 9c59270c3fd7afecdb556c50c9e8de78 -> 
  custom:SearchIndexIgnoredProperties: e643bd26f0fe6173181afceb89e7c659 -> 
  custom:AudioImporter_EditorPlatform: d09bf68614088b80899f8185d706f6e7 -> 
  custom:scripting/monoscript/fileName/ObjectsDatabseSO.cs: 2afa2e5691998fd2bc5181dd3a840eb3 -> 71ccc2bf9bca6f0dcc804d3ffc4c2bd8
  custom:video-encoder-webm-vp8: eb34c28f22e8b96e1ab97ce403110664 -> 
  custom:audio-decoder-ogg-vorbis: bf7c407c2cedff20999df2af8eb42d56 -> 
  custom:scripting/monoscript/fileName/IBuildingState.cs: 09c0a3f8d39063dce0920cf3356960cd -> 32400a3ed35b86ce99c3db8f9947b6b9
  custom:audio-encoder-webm-vorbis: bf7c407c2cedff20999df2af8eb42d56 -> 
  custom:scripting/monoscript/fileName/PlacementState.cs: 1bbc5f42e6bc4951e512085ce0917d01 -> 96997402e452df4d895c0ceae1c070c6
  custom:scripting/monoscript/fileName/GridData.cs: 2c21a4a303a21ab1f57293e521468a73 -> 5a181b89a6d813b204be6b5de3e080b4
========================================================================
Received Prepare
Begin MonoManager ReloadAssembly
- Loaded All Assemblies, in  0.578 seconds
Refreshing native plugins compatible for Editor in 5.68 ms, found 3 plugins.
Native extension for WindowsStandalone target not found
Mono: successfully reloaded assembly
- Finished resetting the current domain, in  1.525 seconds
Domain Reload Profiling: 2096ms
	BeginReloadAssembly (196ms)
		ExecutionOrderSort (0ms)
		DisableScriptedObjects (6ms)
		BackupInstance (0ms)
		ReleaseScriptingObjects (0ms)
		CreateAndSetChildDomain (36ms)
	RebuildCommonClasses (40ms)
	RebuildNativeTypeToScriptingClass (13ms)
	initialDomainReloadingComplete (43ms)
	LoadAllAssembliesAndSetupDomain (278ms)
		LoadAssemblies (377ms)
		RebuildTransferFunctionScriptingTraits (0ms)
		AnalyzeDomain (15ms)
			TypeCache.Refresh (7ms)
				TypeCache.ScanAssembly (0ms)
			ScanForSourceGeneratedMonoScriptInfo (0ms)
			ResolveRequiredComponents (6ms)
	FinalizeReload (1526ms)
		ReleaseScriptCaches (0ms)
		RebuildScriptCaches (0ms)
		SetupLoadedEditorAssemblies (762ms)
			LogAssemblyErrors (0ms)
			InitializePlatformSupportModulesInManaged (10ms)
			SetLoadedEditorAssemblies (6ms)
			RefreshPlugins (0ms)
			BeforeProcessingInitializeOnLoad (99ms)
			ProcessInitializeOnLoadAttributes (609ms)
			ProcessInitializeOnLoadMethodAttributes (22ms)
			AfterProcessingInitializeOnLoad (16ms)
			EditorAssembliesLoaded (0ms)
		ExecutionOrderSort2 (0ms)
		AwakeInstancesAfterBackupRestoration (14ms)
Refreshing native plugins compatible for Editor in 5.82 ms, found 3 plugins.
Preloading 0 native plugins for Editor in 0.00 ms.
Unloading 3764 Unused Serialized files (Serialized files now loaded: 0)
Unloading 21 unused Assets / (30.5 KB). Loaded Objects now: 4442.
Memory consumption went from 150.5 MB to 150.5 MB.
Total: 5.314400 ms (FindLiveObjects: 0.401500 ms CreateObjectMapping: 0.100800 ms MarkObjects: 4.726900 ms  DeleteObjects: 0.083900 ms)

Prepare: number of updated asset objects reloaded= 0
AssetImportParameters requested are different than current active one (requested -> active):
  custom:scripting/monoscript/fileName/PlacementSystem.cs: 78738c21ef929cd09aff0e665ab4ee7d -> 4cfa27418f5d43cf7ed2e701bccac87d
  custom:container-demuxer-ogg: 62fdf1f143b41e24485cea50d1cbac27 -> 
  custom:video-decoder-ogg-theora: a1e56fd34408186e4bbccfd4996cb3dc -> 
  custom:framework-win-MediaFoundation: 216162199b28c13a410421893ffa2e32 -> 
  custom:scripting/monoscript/fileName/PreviewSystem.cs: 9446530e98c33c50feb97677bca8eeb8 -> 70da7d96942db19a4f2a9ba0707462ec
  custom:scripting/monoscript/fileName/RemovingState.cs: 8605b3795c76a38617298524e84e24d4 -> cc1a73acfa6a34f2249cc45506eeb252
  custom:scripting/monoscript/fileName/Constructable.cs: 06ee9b49f644b70a54c0b41034c995e5 -> f479f28d32fdb19e45e4adee4f5924d9
  custom:scripting/monoscript/fileName/InputManager.cs: 0518ac54db6a6320905109eb6dec4a75 -> d93f6a1b1c0c117f420779e72340a718
  custom:CustomObjectIndexerAttribute: 756ad292c208cfabdd7b50bc23989ffe -> 
  custom:scripting/monoscript/fileName/UIManager.cs: 57724e77908c1fb25747e98c23366ff8 -> 2595dc2cbd41cc2d023a3ebb28d87e9e
  custom:container-demuxer-webm: 4f35f7cbe854078d1ac9338744f61a02 -> 
  custom:scripting/monoscript/fileName/ObjectPlacer.cs: 3ac74b2dd3d87506c4efaf6bd5dd49d4 -> faedd1dbc4339b49f1b2e99b4939abf9
  custom:container-muxer-webm: aa71ff27fc2769a1b78a27578f13a17b -> 
  custom:video-decoder-webm-vp8: 9c59270c3fd7afecdb556c50c9e8de78 -> 
  custom:SearchIndexIgnoredProperties: e643bd26f0fe6173181afceb89e7c659 -> 
  custom:AudioImporter_EditorPlatform: d09bf68614088b80899f8185d706f6e7 -> 
  custom:scripting/monoscript/fileName/ObjectsDatabseSO.cs: 2afa2e5691998fd2bc5181dd3a840eb3 -> 71ccc2bf9bca6f0dcc804d3ffc4c2bd8
  custom:video-encoder-webm-vp8: eb34c28f22e8b96e1ab97ce403110664 -> 
  custom:audio-decoder-ogg-vorbis: bf7c407c2cedff20999df2af8eb42d56 -> 
  custom:scripting/monoscript/fileName/IBuildingState.cs: 09c0a3f8d39063dce0920cf3356960cd -> 32400a3ed35b86ce99c3db8f9947b6b9
  custom:audio-encoder-webm-vorbis: bf7c407c2cedff20999df2af8eb42d56 -> 
  custom:scripting/monoscript/fileName/PlacementState.cs: 1bbc5f42e6bc4951e512085ce0917d01 -> 96997402e452df4d895c0ceae1c070c6
  custom:scripting/monoscript/fileName/GridData.cs: 2c21a4a303a21ab1f57293e521468a73 -> 5a181b89a6d813b204be6b5de3e080b4
========================================================================
Received Import Request.
  Time since last request: 2829.937695 seconds.
  path: Assets/Materials/GroundMarker/AttackableCursor.prefab
  artifactKey: Guid(ff5aa0c4fe946524fbb3e99118271a4a) Importer(815301076,1909f56bfc062723c751e8b465ee728b)
Start importing Assets/Materials/GroundMarker/AttackableCursor.prefab using Guid(ff5aa0c4fe946524fbb3e99118271a4a) Importer(815301076,1909f56bfc062723c751e8b465ee728b)  -> (artifact id: '00bdacc01cdf4f2e14218bf5d3386072') in 0.132410 seconds
Number of updated asset objects reloaded before import = 0
Number of asset objects unloaded after import = 31
========================================================================
Received Import Request.
  Time since last request: 2.178440 seconds.
  path: Assets/Materials/UI/RedEmissionHP.mat
  artifactKey: Guid(f50e0e76d22307d4a91cce8388bef323) Importer(815301076,1909f56bfc062723c751e8b465ee728b)
Start importing Assets/Materials/UI/RedEmissionHP.mat using Guid(f50e0e76d22307d4a91cce8388bef323) Importer(815301076,1909f56bfc062723c751e8b465ee728b)  -> (artifact id: '95f42785a0656269ae97400d0981b2af') in 0.029377 seconds
Number of updated asset objects reloaded before import = 0
Number of asset objects unloaded after import = 2
========================================================================
Received Prepare
Begin MonoManager ReloadAssembly
- Loaded All Assemblies, in  0.764 seconds
Refreshing native plugins compatible for Editor in 6.02 ms, found 3 plugins.
Native extension for WindowsStandalone target not found
Mono: successfully reloaded assembly
- Finished resetting the current domain, in  1.456 seconds
Domain Reload Profiling: 2214ms
	BeginReloadAssembly (216ms)
		ExecutionOrderSort (0ms)
		DisableScriptedObjects (6ms)
		BackupInstance (0ms)
		ReleaseScriptingObjects (0ms)
		CreateAndSetChildDomain (44ms)
	RebuildCommonClasses (45ms)
	RebuildNativeTypeToScriptingClass (13ms)
	initialDomainReloadingComplete (53ms)
	LoadAllAssembliesAndSetupDomain (430ms)
		LoadAssemblies (518ms)
		RebuildTransferFunctionScriptingTraits (0ms)
		AnalyzeDomain (37ms)
			TypeCache.Refresh (12ms)
				TypeCache.ScanAssembly (2ms)
			ScanForSourceGeneratedMonoScriptInfo (17ms)
			ResolveRequiredComponents (7ms)
	FinalizeReload (1457ms)
		ReleaseScriptCaches (0ms)
		RebuildScriptCaches (0ms)
		SetupLoadedEditorAssemblies (714ms)
			LogAssemblyErrors (0ms)
			InitializePlatformSupportModulesInManaged (10ms)
			SetLoadedEditorAssemblies (5ms)
			RefreshPlugins (0ms)
			BeforeProcessingInitializeOnLoad (93ms)
			ProcessInitializeOnLoadAttributes (571ms)
			ProcessInitializeOnLoadMethodAttributes (20ms)
			AfterProcessingInitializeOnLoad (15ms)
			EditorAssembliesLoaded (0ms)
		ExecutionOrderSort2 (0ms)
		AwakeInstancesAfterBackupRestoration (15ms)
Refreshing native plugins compatible for Editor in 7.51 ms, found 3 plugins.
Preloading 0 native plugins for Editor in 0.00 ms.
Unloading 3764 Unused Serialized files (Serialized files now loaded: 0)
Unloading 21 unused Assets / (30.4 KB). Loaded Objects now: 4446.
Memory consumption went from 150.5 MB to 150.5 MB.
Total: 7.302800 ms (FindLiveObjects: 0.529000 ms CreateObjectMapping: 0.105100 ms MarkObjects: 6.576000 ms  DeleteObjects: 0.089000 ms)

Prepare: number of updated asset objects reloaded= 0
AssetImportParameters requested are different than current active one (requested -> active):
  custom:scripting/monoscript/fileName/PlacementSystem.cs: 78738c21ef929cd09aff0e665ab4ee7d -> 4cfa27418f5d43cf7ed2e701bccac87d
  custom:container-demuxer-ogg: 62fdf1f143b41e24485cea50d1cbac27 -> 
  custom:video-decoder-ogg-theora: a1e56fd34408186e4bbccfd4996cb3dc -> 
  custom:framework-win-MediaFoundation: 216162199b28c13a410421893ffa2e32 -> 
  custom:scripting/monoscript/fileName/PreviewSystem.cs: 9446530e98c33c50feb97677bca8eeb8 -> 70da7d96942db19a4f2a9ba0707462ec
  custom:scripting/monoscript/fileName/RemovingState.cs: 8605b3795c76a38617298524e84e24d4 -> cc1a73acfa6a34f2249cc45506eeb252
  custom:scripting/monoscript/fileName/Constructable.cs: 06ee9b49f644b70a54c0b41034c995e5 -> f479f28d32fdb19e45e4adee4f5924d9
  custom:scripting/monoscript/fileName/InputManager.cs: 0518ac54db6a6320905109eb6dec4a75 -> d93f6a1b1c0c117f420779e72340a718
  custom:CustomObjectIndexerAttribute: 756ad292c208cfabdd7b50bc23989ffe -> 
  custom:scripting/monoscript/fileName/UIManager.cs: 57724e77908c1fb25747e98c23366ff8 -> 2595dc2cbd41cc2d023a3ebb28d87e9e
  custom:container-demuxer-webm: 4f35f7cbe854078d1ac9338744f61a02 -> 
  custom:scripting/monoscript/fileName/ObjectPlacer.cs: 3ac74b2dd3d87506c4efaf6bd5dd49d4 -> faedd1dbc4339b49f1b2e99b4939abf9
  custom:container-muxer-webm: aa71ff27fc2769a1b78a27578f13a17b -> 
  custom:video-decoder-webm-vp8: 9c59270c3fd7afecdb556c50c9e8de78 -> 
  custom:SearchIndexIgnoredProperties: e643bd26f0fe6173181afceb89e7c659 -> 
  custom:AudioImporter_EditorPlatform: d09bf68614088b80899f8185d706f6e7 -> 
  custom:scripting/monoscript/fileName/ObjectsDatabseSO.cs: 2afa2e5691998fd2bc5181dd3a840eb3 -> 71ccc2bf9bca6f0dcc804d3ffc4c2bd8
  custom:video-encoder-webm-vp8: eb34c28f22e8b96e1ab97ce403110664 -> 
  custom:audio-decoder-ogg-vorbis: bf7c407c2cedff20999df2af8eb42d56 -> 
  custom:scripting/monoscript/fileName/IBuildingState.cs: 09c0a3f8d39063dce0920cf3356960cd -> 32400a3ed35b86ce99c3db8f9947b6b9
  custom:audio-encoder-webm-vorbis: bf7c407c2cedff20999df2af8eb42d56 -> 
  custom:scripting/monoscript/fileName/PlacementState.cs: 1bbc5f42e6bc4951e512085ce0917d01 -> 96997402e452df4d895c0ceae1c070c6
  custom:scripting/monoscript/fileName/GridData.cs: 2c21a4a303a21ab1f57293e521468a73 -> 5a181b89a6d813b204be6b5de3e080b4
========================================================================
Received Import Request.
  Time since last request: 217.327253 seconds.
  path: Assets/Stuff/Houses/New Material.mat
  artifactKey: Guid(b30ccc493cb39a947b72725be7e3b583) Importer(815301076,1909f56bfc062723c751e8b465ee728b)
Start importing Assets/Stuff/Houses/New Material.mat using Guid(b30ccc493cb39a947b72725be7e3b583) Importer(815301076,1909f56bfc062723c751e8b465ee728b)  -> (artifact id: '736d1771f54e900b2c2127426129cb5a') in 0.106402 seconds
Number of updated asset objects reloaded before import = 0
Number of asset objects unloaded after import = 1
========================================================================
Received Prepare
Begin MonoManager ReloadAssembly
- Loaded All Assemblies, in  0.590 seconds
Refreshing native plugins compatible for Editor in 5.39 ms, found 3 plugins.
Native extension for WindowsStandalone target not found
Mono: successfully reloaded assembly
- Finished resetting the current domain, in  1.576 seconds
Domain Reload Profiling: 2161ms
	BeginReloadAssembly (198ms)
		ExecutionOrderSort (0ms)
		DisableScriptedObjects (5ms)
		BackupInstance (0ms)
		ReleaseScriptingObjects (0ms)
		CreateAndSetChildDomain (45ms)
	RebuildCommonClasses (45ms)
	RebuildNativeTypeToScriptingClass (13ms)
	initialDomainReloadingComplete (42ms)
	LoadAllAssembliesAndSetupDomain (287ms)
		LoadAssemblies (377ms)
		RebuildTransferFunctionScriptingTraits (0ms)
		AnalyzeDomain (16ms)
			TypeCache.Refresh (8ms)
				TypeCache.ScanAssembly (0ms)
			ScanForSourceGeneratedMonoScriptInfo (0ms)
			ResolveRequiredComponents (6ms)
	FinalizeReload (1577ms)
		ReleaseScriptCaches (0ms)
		RebuildScriptCaches (0ms)
		SetupLoadedEditorAssemblies (794ms)
			LogAssemblyErrors (0ms)
			InitializePlatformSupportModulesInManaged (10ms)
			SetLoadedEditorAssemblies (7ms)
			RefreshPlugins (0ms)
			BeforeProcessingInitializeOnLoad (98ms)
			ProcessInitializeOnLoadAttributes (641ms)
			ProcessInitializeOnLoadMethodAttributes (21ms)
			AfterProcessingInitializeOnLoad (17ms)
			EditorAssembliesLoaded (0ms)
		ExecutionOrderSort2 (0ms)
		AwakeInstancesAfterBackupRestoration (16ms)
Refreshing native plugins compatible for Editor in 8.38 ms, found 3 plugins.
Preloading 0 native plugins for Editor in 0.00 ms.
Unloading 3764 Unused Serialized files (Serialized files now loaded: 0)
Unloading 21 unused Assets / (30.4 KB). Loaded Objects now: 4450.
Memory consumption went from 150.5 MB to 150.5 MB.
Total: 5.269800 ms (FindLiveObjects: 0.421200 ms CreateObjectMapping: 0.118600 ms MarkObjects: 4.656900 ms  DeleteObjects: 0.071600 ms)

Prepare: number of updated asset objects reloaded= 0
AssetImportParameters requested are different than current active one (requested -> active):
  custom:scripting/monoscript/fileName/PlacementSystem.cs: 78738c21ef929cd09aff0e665ab4ee7d -> 4cfa27418f5d43cf7ed2e701bccac87d
  custom:container-demuxer-ogg: 62fdf1f143b41e24485cea50d1cbac27 -> 
  custom:video-decoder-ogg-theora: a1e56fd34408186e4bbccfd4996cb3dc -> 
  custom:framework-win-MediaFoundation: 216162199b28c13a410421893ffa2e32 -> 
  custom:scripting/monoscript/fileName/PreviewSystem.cs: 9446530e98c33c50feb97677bca8eeb8 -> 70da7d96942db19a4f2a9ba0707462ec
  custom:scripting/monoscript/fileName/RemovingState.cs: 8605b3795c76a38617298524e84e24d4 -> cc1a73acfa6a34f2249cc45506eeb252
  custom:scripting/monoscript/fileName/Constructable.cs: 06ee9b49f644b70a54c0b41034c995e5 -> f479f28d32fdb19e45e4adee4f5924d9
  custom:scripting/monoscript/fileName/InputManager.cs: 0518ac54db6a6320905109eb6dec4a75 -> d93f6a1b1c0c117f420779e72340a718
  custom:CustomObjectIndexerAttribute: 756ad292c208cfabdd7b50bc23989ffe -> 
  custom:scripting/monoscript/fileName/UIManager.cs: 57724e77908c1fb25747e98c23366ff8 -> 2595dc2cbd41cc2d023a3ebb28d87e9e
  custom:container-demuxer-webm: 4f35f7cbe854078d1ac9338744f61a02 -> 
  custom:scripting/monoscript/fileName/ObjectPlacer.cs: 3ac74b2dd3d87506c4efaf6bd5dd49d4 -> faedd1dbc4339b49f1b2e99b4939abf9
  custom:container-muxer-webm: aa71ff27fc2769a1b78a27578f13a17b -> 
  custom:video-decoder-webm-vp8: 9c59270c3fd7afecdb556c50c9e8de78 -> 
  custom:SearchIndexIgnoredProperties: e643bd26f0fe6173181afceb89e7c659 -> 
  custom:AudioImporter_EditorPlatform: d09bf68614088b80899f8185d706f6e7 -> 
  custom:scripting/monoscript/fileName/ObjectsDatabseSO.cs: 2afa2e5691998fd2bc5181dd3a840eb3 -> 71ccc2bf9bca6f0dcc804d3ffc4c2bd8
  custom:video-encoder-webm-vp8: eb34c28f22e8b96e1ab97ce403110664 -> 
  custom:audio-decoder-ogg-vorbis: bf7c407c2cedff20999df2af8eb42d56 -> 
  custom:scripting/monoscript/fileName/IBuildingState.cs: 09c0a3f8d39063dce0920cf3356960cd -> 32400a3ed35b86ce99c3db8f9947b6b9
  custom:audio-encoder-webm-vorbis: bf7c407c2cedff20999df2af8eb42d56 -> 
  custom:scripting/monoscript/fileName/PlacementState.cs: 1bbc5f42e6bc4951e512085ce0917d01 -> 96997402e452df4d895c0ceae1c070c6
  custom:scripting/monoscript/fileName/GridData.cs: 2c21a4a303a21ab1f57293e521468a73 -> 5a181b89a6d813b204be6b5de3e080b4
